path,label,title,author,license,license_url,source_page,original_url,download_url,collected_at,width,height,sha256,modification
experiments/data/raw/butterfly/7716212.jpg,butterfly,File:ComputerHotline - Danaus plexippus (by) (3).jpg,Thomas Bresson,CC BY 2.0,https://creativecommons.org/licenses/by/2.0,https://commons.wikimedia.org/wiki/File:ComputerHotline_-_Danaus_plexippus_(by)_(3).jpg,https://upload.wikimedia.org/wikipedia/commons/7/7d/ComputerHotline_-_Danaus_plexippus_%28by%29_%283%29.jpg?utm_source=commons.wikimedia.org&utm_campaign=imageinfo&utm_content=original,https://thumb.wikimedia.org/wikipedia/commons/thumb/7/7d/ComputerHotline_-_Danaus_plexippus_%28by%29_%283%29.jpg/960px-ComputerHotline_-_Danaus_plexippus_%28by%29_%283%29.jpg?utm_source=commons.wikimedia.org&utm_campaign=imageinfo&utm_content=thumbnail,2026-09-07,960,1027,0af4e760bccc855ab5341ded65e689870d7a76320e5178e36967ffd1061d08d4,Wikimedia server thumbnail; no local pixel editing
experiments/data/raw/butterfly/10348903.jpg,butterfly,File:Danaus plexippus (7).jpg,Thomas Bresson,CC BY 2.0,https://creativecommons.org/licenses/by/2.0,https://commons.wikimedia.org/wiki/File:Danaus_plexippus_(7).jpg,https://upload.wikimedia.org/wikipedia/commons/0/0b/Danaus_plexippus_%287%29.jpg?utm_source=commons.wikimedia.org&utm_campaign=imageinfo&utm_content=original,https://thumb.wikimedia.org/wikipedia/commons/thumb/0/0b/Danaus_plexippus_%287%29.jpg/960px-Danaus_plexippus_%287%29.jpg?utm_source=commons.wikimedia.org&utm_campaign=imageinfo&utm_content=thumbnail,2026-09-07,960,567,66da5d98293d5bd2f57eeaedb778eca5fd73c8fd5616f4cb6946a9e4bbda3c5e,Wikimedia server thumbnail; no local pixel editing
experiments/data/raw/butterfly/129745857.jpg,butterfly,File:Monarch butterflies (Danaus plexippus plexippus) Piedra Herrada 2.jpg,Charles J. Sharp,CC BY-SA 4.0,https://creativecommons.org/licenses/by-sa/4.0,https://commons.wikimedia.org/wiki/File:Monarch_butterflies_(Danaus_plexippus_plexippus)_Piedra_Herrada_2.jpg,https://upload.wikimedia.org/wikipedia/commons/5/54/Monarch_butterflies_%28Danaus_plexippus_plexippus%29_Piedra_Herrada_2.jpg?utm_source=commons.wikimedia.org&utm_campaign=imageinfo&utm_content=original,https://thumb.wikimedia.org/wikipedia/commons/thumb/5/54/Monarch_butterflies_%28Danaus_plexippus_plexippus%29_Piedra_Herrada_2.jpg/960px-Monarch_butterflies_%28Danaus_plexippus_plexippus%29_Piedra_Herrada_2.jpg?utm_source=commons.wikimedia.org&utm_campaign=imageinfo&utm_content=thumbnail,2026-09-07,960,640,f4b6f4cac6218942eeef0b5277e334a94a1ba0929f8dbd97610f2b125dd4d3bf,Wikimedia server thumbnail; no local pixel editing
experiments/data/raw/butterfly/5386936.jpg,butterfly,File:Monarch Butterfly Danaus plexippus Tagged Closeup 3008px.jpg,Photo by and (c)2008 Derek Ramsey (Ram-Man),CC BY-SA 4.0,https://creativecommons.org/licenses/by-sa/4.0,https://commons.wikimedia.org/wiki/File:Monarch_Butterfly_Danaus_plexippus_Tagged_Closeup_3008px.jpg,https://upload.wikimedia.org/wikipedia/commons/c/c3/Monarch_Butterfly_Danaus_plexippus_Tagged_Closeup_3008px.jpg?utm_source=commons.wikimedia.org&utm_campaign=imageinfo&utm_content=original,https://thumb.wikimedia.org/wikipedia/commons/thumb/c/c3/Monarch_Butterfly_Danaus_plexippus_Tagged_Closeup_3008px.jpg/960px-Monarch_Butterfly_Danaus_plexippus_Tagged_Closeup_3008px.jpg?utm_source=commons.wikimedia.org&utm_campaign=imageinfo&utm_content=thumbnail,2026-09-07,960,638,c4aa3327fd38d6289c945d476bd31392d7513611cbbb5252e45654d19b62d4ec,Wikimedia server thumbnail; no local pixel editing
experiments/data/raw/butterfly/20370978.jpg,butterfly,File:2012-07-20 15-16-40-Danaus plexippus.jpg,Thomas Bresson,CC BY 3.0,https://creativecommons.org/licenses/by/3.0,https://commons.wikimedia.org/wiki/File:2012-07-20_15-16-40-Danaus_plexippus.jpg,https://upload.wikimedia.org/wikipedia/commons/9/96/2012-07-20_15-16-40-Danaus_plexippus.jpg?utm_source=commons.wikimedia.org&utm_campaign=imageinfo&utm_content=original,https://thumb.wikimedia.org/wikipedia/commons/thumb/9/96/2012-07-20_15-16-40-Danaus_plexippus.jpg/960px-2012-07-20_15-16-40-Danaus_plexippus.jpg?utm_source=commons.wikimedia.org&utm_campaign=imageinfo&utm_content=thumbnail,2026-09-07,960,832,f6d8744542cb3992b813660952b1b31ae892f8830fa81ec683984b2d1cd290d2,Wikimedia server thumbnail; no local pixel editing
experiments/data/raw/butterfly/13731530.jpg,butterfly,"File:Male monarch butterfly (Danaus plexippus), about to take first flight.jpg",Avenue,CC BY-SA 3.0,https://creativecommons.org/licenses/by-sa/3.0,"https://commons.wikimedia.org/wiki/File:Male_monarch_butterfly_(Danaus_plexippus),_about_to_take_first_flight.jpg",https://upload.wikimedia.org/wikipedia/commons/0/06/Male_monarch_butterfly_%28Danaus_plexippus%29%2C_about_to_take_first_flight.jpg?utm_source=commons.wikimedia.org&utm_campaign=imageinfo&utm_content=original,https://thumb.wikimedia.org/wikipedia/commons/thumb/0/06/Male_monarch_butterfly_%28Danaus_plexippus%29%2C_about_to_take_first_flight.jpg/960px-Male_monarch_butterfly_%28Danaus_plexippus%29%2C_about_to_take_first_flight.jpg?utm_source=commons.wikimedia.org&utm_campaign=imageinfo&utm_content=thumbnail,2026-09-07,960,852,e92cdddcf79e73085e220ff6cef954f8f7df2183113a5f30abce23b94fb8b7c6,Wikimedia server thumbnail; no local pixel editing
experiments/data/raw/butterfly/25334420.jpg,butterfly,"File:Mariposa monarca (Danaus plexippus), Jardín Botánico de Múnich, Alemania, 2013-01-27, DD 01.JPG",Diego Delso,CC BY-SA 3.0,https://creativecommons.org/licenses/by-sa/3.0,"https://commons.wikimedia.org/wiki/File:Mariposa_monarca_(Danaus_plexippus),_Jard%C3%ADn_Bot%C3%A1nico_de_M%C3%BAnich,_Alemania,_2013-01-27,_DD_01.JPG",https://upload.wikimedia.org/wikipedia/commons/a/af/Mariposa_monarca_%28Danaus_plexippus%29%2C_Jard%C3%ADn_Bot%C3%A1nico_de_M%C3%BAnich%2C_Alemania%2C_2013-01-27%2C_DD_01.JPG?utm_source=commons.wikimedia.org&utm_campaign=imageinfo&utm_content=original,https://thumb.wikimedia.org/wikipedia/commons/thumb/a/af/Mariposa_monarca_%28Danaus_plexippus%29%2C_Jard%C3%ADn_Bot%C3%A1nico_de_M%C3%BAnich%2C_Alemania%2C_2013-01-27%2C_DD_01.JPG/960px-Mariposa_monarca_%28Danaus_plexippus%29%2C_Jard%C3%ADn_Bot%C3%A1nico_de_M%C3%BAnich%2C_Alemania%2C_2013-01-27%2C_DD_01.JPG?utm_source=commons.wikimedia.org&utm_campaign=imageinfo&utm_content=thumbnail,2026-09-07,960,561,c2349d233ae390b54dbeb56d7a1097c97e47dee1fff58fd32d7beb20d2fcf173,Wikimedia server thumbnail; no local pixel editing
experiments/data/raw/butterfly/10348890.jpg,butterfly,File:Danaus plexippus (6).jpg,Thomas Bresson,CC BY 2.0,https://creativecommons.org/licenses/by/2.0,https://commons.wikimedia.org/wiki/File:Danaus_plexippus_(6).jpg,https://upload.wikimedia.org/wikipedia/commons/e/e1/Danaus_plexippus_%286%29.jpg?utm_source=commons.wikimedia.org&utm_campaign=imageinfo&utm_content=original,https://thumb.wikimedia.org/wikipedia/commons/thumb/e/e1/Danaus_plexippus_%286%29.jpg/960px-Danaus_plexippus_%286%29.jpg?utm_source=commons.wikimedia.org&utm_campaign=imageinfo&utm_content=thumbnail,2026-09-07,960,571,90f347b81c4799e9f8330bd9c6b05fb5da4667beaae75a412b4d272c91e52b7a,Wikimedia server thumbnail; no local pixel editing
experiments/data/raw/butterfly/129834163.jpg,butterfly,File:Monarch (Danaus plexippus plexippus) underside Piedra Herrada.jpg,Charles J. Sharp,CC BY-SA 4.0,https://creativecommons.org/licenses/by-sa/4.0,https://commons.wikimedia.org/wiki/File:Monarch_(Danaus_plexippus_plexippus)_underside_Piedra_Herrada.jpg,https://upload.wikimedia.org/wikipedia/commons/a/a9/Monarch_%28Danaus_plexippus_plexippus%29_underside_Piedra_Herrada.jpg?utm_source=commons.wikimedia.org&utm_campaign=imageinfo&utm_content=original,https://thumb.wikimedia.org/wikipedia/commons/thumb/a/a9/Monarch_%28Danaus_plexippus_plexippus%29_underside_Piedra_Herrada.jpg/960px-Monarch_%28Danaus_plexippus_plexippus%29_underside_Piedra_Herrada.jpg?utm_source=commons.wikimedia.org&utm_campaign=imageinfo&utm_content=thumbnail,2026-09-07,960,640,ea26a164e4f0c77af2d8fe18b39904fee1ea26b072075ae7d1355f5abbfc7477,Wikimedia server thumbnail; no local pixel editing
experiments/data/raw/butterfly/20371400.jpg,butterfly,File:2012-07-20 15-33-07-Danaus plexippus.jpg,Thomas Bresson,CC BY 3.0,https://creativecommons.org/licenses/by/3.0,https://commons.wikimedia.org/wiki/File:2012-07-20_15-33-07-Danaus_plexippus.jpg,https://upload.wikimedia.org/wikipedia/commons/4/40/2012-07-20_15-33-07-Danaus_plexippus.jpg?utm_source=commons.wikimedia.org&utm_campaign=imageinfo&utm_content=original,https://thumb.wikimedia.org/wikipedia/commons/thumb/4/40/2012-07-20_15-33-07-Danaus_plexippus.jpg/960px-2012-07-20_15-33-07-Danaus_plexippus.jpg?utm_source=commons.wikimedia.org&utm_campaign=imageinfo&utm_content=thumbnail,2026-09-07,960,886,4b46c8ccb0c664a1e0db2562d46c2d31217218faca556ee5d9d6112577771a76,Wikimedia server thumbnail; no local pixel editing
experiments/data/raw/butterfly/8788956.jpg,butterfly,File:Danaus plexippus in Secret Woods.JPG,Korall,CC BY 3.0,https://creativecommons.org/licenses/by/3.0,https://commons.wikimedia.org/wiki/File:Danaus_plexippus_in_Secret_Woods.JPG,https://upload.wikimedia.org/wikipedia/commons/7/78/Danaus_plexippus_in_Secret_Woods.JPG?utm_source=commons.wikimedia.org&utm_campaign=imageinfo&utm_content=original,https://thumb.wikimedia.org/wikipedia/commons/thumb/7/78/Danaus_plexippus_in_Secret_Woods.JPG/960px-Danaus_plexippus_in_Secret_Woods.JPG?utm_source=commons.wikimedia.org&utm_campaign=imageinfo&utm_content=thumbnail,2026-09-07,960,640,a0d089b1c04796a706bcfde612220da6cff8504650b992407ae45c4894a659c4,Wikimedia server thumbnail; no local pixel editing
experiments/data/raw/butterfly/25334421.jpg,butterfly,"File:Mariposa monarca (Danaus plexippus), Jardín Botánico de Múnich, Alemania, 2013-01-27, DD 02.JPG",Diego Delso,CC BY-SA 3.0,https://creativecommons.org/licenses/by-sa/3.0,"https://commons.wikimedia.org/wiki/File:Mariposa_monarca_(Danaus_plexippus),_Jard%C3%ADn_Bot%C3%A1nico_de_M%C3%BAnich,_Alemania,_2013-01-27,_DD_02.JPG",https://upload.wikimedia.org/wikipedia/commons/7/77/Mariposa_monarca_%28Danaus_plexippus%29%2C_Jard%C3%ADn_Bot%C3%A1nico_de_M%C3%BAnich%2C_Alemania%2C_2013-01-27%2C_DD_02.JPG?utm_source=commons.wikimedia.org&utm_campaign=imageinfo&utm_content=original,https://thumb.wikimedia.org/wikipedia/commons/thumb/7/77/Mariposa_monarca_%28Danaus_plexippus%29%2C_Jard%C3%ADn_Bot%C3%A1nico_de_M%C3%BAnich%2C_Alemania%2C_2013-01-27%2C_DD_02.JPG/960px-Mariposa_monarca_%28Danaus_plexippus%29%2C_Jard%C3%ADn_Bot%C3%A1nico_de_M%C3%BAnich%2C_Alemania%2C_2013-01-27%2C_DD_02.JPG?utm_source=commons.wikimedia.org&utm_campaign=imageinfo&utm_content=thumbnail,2026-09-07,960,640,f5c13bc493d74f8c38fc6d2caae47ca537a012ac6af953553c655f5c479f76e6,Wikimedia server thumbnail; no local pixel editing
experiments/data/raw/butterfly/10348852.jpg,butterfly,File:Danaus plexippus (2).jpg,Thomas Bresson,CC BY 2.0,https://creativecommons.org/licenses/by/2.0,https://commons.wikimedia.org/wiki/File:Danaus_plexippus_(2).jpg,https://upload.wikimedia.org/wikipedia/commons/b/b5/Danaus_plexippus_%282%29.jpg?utm_source=commons.wikimedia.org&utm_campaign=imageinfo&utm_content=original,https://thumb.wikimedia.org/wikipedia/commons/thumb/b/b5/Danaus_plexippus_%282%29.jpg/960px-Danaus_plexippus_%282%29.jpg?utm_source=commons.wikimedia.org&utm_campaign=imageinfo&utm_content=thumbnail,2026-09-07,960,862,ee79c932a12c9865039d7624b1b7f6443bea8e915876573effa7ab4ec5826b8b,Wikimedia server thumbnail; no local pixel editing
experiments/data/raw/butterfly/20371447.jpg,butterfly,File:2012-07-20 15-33-53-Danaus plexippus.jpg,Thomas Bresson,CC BY 3.0,https://creativecommons.org/licenses/by/3.0,https://commons.wikimedia.org/wiki/File:2012-07-20_15-33-53-Danaus_plexippus.jpg,https://upload.wikimedia.org/wikipedia/commons/8/83/2012-07-20_15-33-53-Danaus_plexippus.jpg?utm_source=commons.wikimedia.org&utm_campaign=imageinfo&utm_content=original,https://thumb.wikimedia.org/wikipedia/commons/thumb/8/83/2012-07-20_15-33-53-Danaus_plexippus.jpg/960px-2012-07-20_15-33-53-Danaus_plexippus.jpg?utm_source=commons.wikimedia.org&utm_campaign=imageinfo&utm_content=thumbnail,2026-09-07,960,1096,aa6c23acdc85b9f213208fdcc7f7d6c4815e68949ee05c084655de4d552d9b4e,Wikimedia server thumbnail; no local pixel editing
experiments/data/raw/butterfly/54631821.jpg,butterfly,"File:Monarch - Danaus plexippus, Bles Park, Ashburn, Virginia.jpg",Judy Gallagher,CC BY 2.0,https://creativecommons.org/licenses/by/2.0,"https://commons.wikimedia.org/wiki/File:Monarch_-_Danaus_plexippus,_Bles_Park,_Ashburn,_Virginia.jpg",https://upload.wikimedia.org/wikipedia/commons/f/ff/Monarch_-_Danaus_plexippus%2C_Bles_Park%2C_Ashburn%2C_Virginia.jpg?utm_source=commons.wikimedia.org&utm_campaign=imageinfo&utm_content=original,https://thumb.wikimedia.org/wikipedia/commons/thumb/f/ff/Monarch_-_Danaus_plexippus%2C_Bles_Park%2C_Ashburn%2C_Virginia.jpg/960px-Monarch_-_Danaus_plexippus%2C_Bles_Park%2C_Ashburn%2C_Virginia.jpg?utm_source=commons.wikimedia.org&utm_campaign=imageinfo&utm_content=thumbnail,2026-09-07,960,640,86fc7bb75bf700072b8176944dc3b3b1410aaf254640dc568ce8b876d033af5a,Wikimedia server thumbnail; no local pixel editing
experiments/data/raw/butterfly/111142087.jpg,butterfly,File:Danaus plexippus Monarch on Xanthorrhoea johnsonii inflorescence 74 Sunbury St Geebung P1100185.jpg,John Robert McPherson,CC BY-SA 4.0,https://creativecommons.org/licenses/by-sa/4.0,https://commons.wikimedia.org/wiki/File:Danaus_plexippus_Monarch_on_Xanthorrhoea_johnsonii_inflorescence_74_Sunbury_St_Geebung_P1100185.jpg,https://upload.wikimedia.org/wikipedia/commons/8/88/Danaus_plexippus_Monarch_on_Xanthorrhoea_johnsonii_inflorescence_74_Sunbury_St_Geebung_P1100185.jpg?utm_source=commons.wikimedia.org&utm_campaign=imageinfo&utm_content=original,https://thumb.wikimedia.org/wikipedia/commons/thumb/8/88/Danaus_plexippus_Monarch_on_Xanthorrhoea_johnsonii_inflorescence_74_Sunbury_St_Geebung_P1100185.jpg/960px-Danaus_plexippus_Monarch_on_Xanthorrhoea_johnsonii_inflorescence_74_Sunbury_St_Geebung_P1100185.jpg?utm_source=commons.wikimedia.org&utm_campaign=imageinfo&utm_content=thumbnail,2026-09-07,960,960,db94f5aeeefee21cfd62a5aa12c6796cf65115d8134264d9d1f802c1eb0d2b2b,Wikimedia server thumbnail; no local pixel editing
experiments/data/raw/butterfly/71886764.jpg,butterfly,File:Starr-101228-6047-Ocimum basilicum-Monarch butterfly Danaus plexippus visiting flowers-Honokanaia-Kahoolawe (24763773720).jpg,Forest and Kim Starr,CC BY 3.0 us,https://creativecommons.org/licenses/by/3.0/us/deed.en,https://commons.wikimedia.org/wiki/File:Starr-101228-6047-Ocimum_basilicum-Monarch_butterfly_Danaus_plexippus_visiting_flowers-Honokanaia-Kahoolawe_(24763773720).jpg,https://upload.wikimedia.org/wikipedia/commons/1/12/Starr-101228-6047-Ocimum_basilicum-Monarch_butterfly_Danaus_plexippus_visiting_flowers-Honokanaia-Kahoolawe_%2824763773720%29.jpg?utm_source=commons.wikimedia.org&utm_campaign=imageinfo&utm_content=original,https://thumb.wikimedia.org/wikipedia/commons/thumb/1/12/Starr-101228-6047-Ocimum_basilicum-Monarch_butterfly_Danaus_plexippus_visiting_flowers-Honokanaia-Kahoolawe_%2824763773720%29.jpg/960px-Starr-101228-6047-Ocimum_basilicum-Monarch_butterfly_Danaus_plexippus_visiting_flowers-Honokanaia-Kahoolawe_%2824763773720%29.jpg?utm_source=commons.wikimedia.org&utm_campaign=imageinfo&utm_content=thumbnail,2026-09-07,960,720,388e6764b45877a48da5d40704e9ae679b89d3179f2a7e6047f1f3173c573cbd,Wikimedia server thumbnail; no local pixel editing
experiments/data/raw/butterfly/74796235.jpg,butterfly,"File:Danaus plexippus (monarch butterfly in flight) (Newark, Ohio, USA) (36236212880).jpg",James St. John,CC BY 2.0,https://creativecommons.org/licenses/by/2.0,"https://commons.wikimedia.org/wiki/File:Danaus_plexippus_(monarch_butterfly_in_flight)_(Newark,_Ohio,_USA)_(36236212880).jpg",https://upload.wikimedia.org/wikipedia/commons/7/78/Danaus_plexippus_%28monarch_butterfly_in_flight%29_%28Newark%2C_Ohio%2C_USA%29_%2836236212880%29.jpg?utm_source=commons.wikimedia.org&utm_campaign=imageinfo&utm_content=original,https://thumb.wikimedia.org/wikipedia/commons/thumb/7/78/Danaus_plexippus_%28monarch_butterfly_in_flight%29_%28Newark%2C_Ohio%2C_USA%29_%2836236212880%29.jpg/960px-Danaus_plexippus_%28monarch_butterfly_in_flight%29_%28Newark%2C_Ohio%2C_USA%29_%2836236212880%29.jpg?utm_source=commons.wikimedia.org&utm_campaign=imageinfo&utm_content=thumbnail,2026-09-07,960,768,1da056f74f3c6f5aaf8a2226b4ed8dd076b85296586dc23f36d3947ea21b7768,Wikimedia server thumbnail; no local pixel editing
experiments/data/raw/butterfly/63170430.jpg,butterfly,File:Danaus plexippus 148zz.jpg,Photo by David J. Stang,CC BY-SA 4.0,https://creativecommons.org/licenses/by-sa/4.0,https://commons.wikimedia.org/wiki/File:Danaus_plexippus_148zz.jpg,https://upload.wikimedia.org/wikipedia/commons/a/a2/Danaus_plexippus_148zz.jpg?utm_source=commons.wikimedia.org&utm_campaign=imageinfo&utm_content=original,https://thumb.wikimedia.org/wikipedia/commons/thumb/a/a2/Danaus_plexippus_148zz.jpg/960px-Danaus_plexippus_148zz.jpg?utm_source=commons.wikimedia.org&utm_campaign=imageinfo&utm_content=thumbnail,2026-09-07,960,701,187ecc214d8c782de69c03885bd8c8717e53e3259bce1feb7c96d1aa875af9b1,Wikimedia server thumbnail; no local pixel editing
experiments/data/raw/butterfly/20349954.jpg,butterfly,File:Danaus Plexippus in Smithsonian 3.JPG,Rangilo Gujarati,CC BY-SA 3.0,https://creativecommons.org/licenses/by-sa/3.0,https://commons.wikimedia.org/wiki/File:Danaus_Plexippus_in_Smithsonian_3.JPG,https://upload.wikimedia.org/wikipedia/commons/1/14/Danaus_Plexippus_in_Smithsonian_3.JPG?utm_source=commons.wikimedia.org&utm_campaign=imageinfo&utm_content=original,https://thumb.wikimedia.org/wikipedia/commons/thumb/1/14/Danaus_Plexippus_in_Smithsonian_3.JPG/960px-Danaus_Plexippus_in_Smithsonian_3.JPG?utm_source=commons.wikimedia.org&utm_campaign=imageinfo&utm_content=thumbnail,2026-09-07,960,640,f4c9faba55616bc635dc92fd01c15095de42d8a39c256eedfe4727e4790baa39,Wikimedia server thumbnail; no local pixel editing
experiments/data/raw/butterfly/64928019.jpg,butterfly,"File:Monarch - Danaus plexippus, Occoquan Regional Park, Lorton, Virginia (38373281696).jpg",Judy Gallagher,CC BY 2.0,https://creativecommons.org/licenses/by/2.0,"https://commons.wikimedia.org/wiki/File:Monarch_-_Danaus_plexippus,_Occoquan_Regional_Park,_Lorton,_Virginia_(38373281696).jpg",https://upload.wikimedia.org/wikipedia/commons/1/18/Monarch_-_Danaus_plexippus%2C_Occoquan_Regional_Park%2C_Lorton%2C_Virginia_%2838373281696%29.jpg?utm_source=commons.wikimedia.org&utm_campaign=imageinfo&utm_content=original,https://thumb.wikimedia.org/wikipedia/commons/thumb/1/18/Monarch_-_Danaus_plexippus%2C_Occoquan_Regional_Park%2C_Lorton%2C_Virginia_%2838373281696%29.jpg/960px-Monarch_-_Danaus_plexippus%2C_Occoquan_Regional_Park%2C_Lorton%2C_Virginia_%2838373281696%29.jpg?utm_source=commons.wikimedia.org&utm_campaign=imageinfo&utm_content=thumbnail,2026-09-07,960,640,70a71d6fcef816ba0825f90736ae75a5a5dd9b91a649ac455387aae8e71a4256,Wikimedia server thumbnail; no local pixel editing
experiments/data/raw/butterfly/111142153.jpg,butterfly,File:Danaus plexippus Monarch on Xanthorrhoea johnsonii inflorescence 74 Sunbury St Geebung P1100220.jpg,John Robert McPherson,CC BY-SA 4.0,https://creativecommons.org/licenses/by-sa/4.0,https://commons.wikimedia.org/wiki/File:Danaus_plexippus_Monarch_on_Xanthorrhoea_johnsonii_inflorescence_74_Sunbury_St_Geebung_P1100220.jpg,https://upload.wikimedia.org/wikipedia/commons/e/e6/Danaus_plexippus_Monarch_on_Xanthorrhoea_johnsonii_inflorescence_74_Sunbury_St_Geebung_P1100220.jpg?utm_source=commons.wikimedia.org&utm_campaign=imageinfo&utm_content=original,https://thumb.wikimedia.org/wikipedia/commons/thumb/e/e6/Danaus_plexippus_Monarch_on_Xanthorrhoea_johnsonii_inflorescence_74_Sunbury_St_Geebung_P1100220.jpg/960px-Danaus_plexippus_Monarch_on_Xanthorrhoea_johnsonii_inflorescence_74_Sunbury_St_Geebung_P1100220.jpg?utm_source=commons.wikimedia.org&utm_campaign=imageinfo&utm_content=thumbnail,2026-09-07,960,960,68fbeca31ecb0a43c26e9d93ec5a5b12f886c75ff51883908d8575923f975aae,Wikimedia server thumbnail; no local pixel editing
experiments/data/raw/butterfly/54576904.jpg,butterfly,"File:White Monarch - Danaus plexippus nivosus, Herndon, Virginia - 20747803185.jpg",Judy Gallagher,CC BY 2.0,https://creativecommons.org/licenses/by/2.0,"https://commons.wikimedia.org/wiki/File:White_Monarch_-_Danaus_plexippus_nivosus,_Herndon,_Virginia_-_20747803185.jpg",https://upload.wikimedia.org/wikipedia/commons/2/24/White_Monarch_-_Danaus_plexippus_nivosus%2C_Herndon%2C_Virginia_-_20747803185.jpg?utm_source=commons.wikimedia.org&utm_campaign=imageinfo&utm_content=original,https://thumb.wikimedia.org/wikipedia/commons/thumb/2/24/White_Monarch_-_Danaus_plexippus_nivosus%2C_Herndon%2C_Virginia_-_20747803185.jpg/960px-White_Monarch_-_Danaus_plexippus_nivosus%2C_Herndon%2C_Virginia_-_20747803185.jpg?utm_source=commons.wikimedia.org&utm_campaign=imageinfo&utm_content=thumbnail,2026-09-07,960,640,fbd979996ed7df57f214842d10ab374234de6644b0112a99b6ff0bcd6bd17838,Wikimedia server thumbnail; no local pixel editing
experiments/data/raw/butterfly/111142116.jpg,butterfly,File:Danaus plexippus Monarch on Xanthorrhoea johnsonii inflorescence 74 Sunbury St Geebung P1100198.jpg,John Robert McPherson,CC BY-SA 4.0,https://creativecommons.org/licenses/by-sa/4.0,https://commons.wikimedia.org/wiki/File:Danaus_plexippus_Monarch_on_Xanthorrhoea_johnsonii_inflorescence_74_Sunbury_St_Geebung_P1100198.jpg,https://upload.wikimedia.org/wikipedia/commons/b/bd/Danaus_plexippus_Monarch_on_Xanthorrhoea_johnsonii_inflorescence_74_Sunbury_St_Geebung_P1100198.jpg?utm_source=commons.wikimedia.org&utm_campaign=imageinfo&utm_content=original,https://thumb.wikimedia.org/wikipedia/commons/thumb/b/bd/Danaus_plexippus_Monarch_on_Xanthorrhoea_johnsonii_inflorescence_74_Sunbury_St_Geebung_P1100198.jpg/960px-Danaus_plexippus_Monarch_on_Xanthorrhoea_johnsonii_inflorescence_74_Sunbury_St_Geebung_P1100198.jpg?utm_source=commons.wikimedia.org&utm_campaign=imageinfo&utm_content=thumbnail,2026-09-07,960,960,faa4d521230b0535fc332988fea1c3618c92631b582cafcf2d16b736f1686095,Wikimedia server thumbnail; no local pixel editing
experiments/data/raw/butterfly/41991627.jpg,butterfly,File:Danaus plexippus on Asclepias incarnata 4987.jpg,R. A. Nonenmacher,CC BY-SA 4.0,https://creativecommons.org/licenses/by-sa/4.0,https://commons.wikimedia.org/wiki/File:Danaus_plexippus_on_Asclepias_incarnata_4987.jpg,https://upload.wikimedia.org/wikipedia/commons/d/d1/Danaus_plexippus_on_Asclepias_incarnata_4987.jpg?utm_source=commons.wikimedia.org&utm_campaign=imageinfo&utm_content=original,https://thumb.wikimedia.org/wikipedia/commons/thumb/d/d1/Danaus_plexippus_on_Asclepias_incarnata_4987.jpg/960px-Danaus_plexippus_on_Asclepias_incarnata_4987.jpg?utm_source=commons.wikimedia.org&utm_campaign=imageinfo&utm_content=thumbnail,2026-09-07,960,720,aeead14d5e3a88d6d778f59fefab8d413c6c64b86abf37602ed60f8c680c9252,Wikimedia server thumbnail; no local pixel editing
experiments/data/raw/butterfly/71886794.jpg,butterfly,File:Starr-101228-6048-Ocimum basilicum-Monarch butterfly Danaus plexippus visiting flowers-Honokanaia-Kahoolawe (24966082381).jpg,Forest and Kim Starr,CC BY 3.0 us,https://creativecommons.org/licenses/by/3.0/us/deed.en,https://commons.wikimedia.org/wiki/File:Starr-101228-6048-Ocimum_basilicum-Monarch_butterfly_Danaus_plexippus_visiting_flowers-Honokanaia-Kahoolawe_(24966082381).jpg,https://upload.wikimedia.org/wikipedia/commons/a/a4/Starr-101228-6048-Ocimum_basilicum-Monarch_butterfly_Danaus_plexippus_visiting_flowers-Honokanaia-Kahoolawe_%2824966082381%29.jpg?utm_source=commons.wikimedia.org&utm_campaign=imageinfo&utm_content=original,https://thumb.wikimedia.org/wikipedia/commons/thumb/a/a4/Starr-101228-6048-Ocimum_basilicum-Monarch_butterfly_Danaus_plexippus_visiting_flowers-Honokanaia-Kahoolawe_%2824966082381%29.jpg/960px-Starr-101228-6048-Ocimum_basilicum-Monarch_butterfly_Danaus_plexippus_visiting_flowers-Honokanaia-Kahoolawe_%2824966082381%29.jpg?utm_source=commons.wikimedia.org&utm_campaign=imageinfo&utm_content=thumbnail,2026-09-07,960,720,f69c35638b983fcaf16234e3cfdd4805859760c1c2b4247244cc469435dd6092,Wikimedia server thumbnail; no local pixel editing
experiments/data/raw/butterfly/64927836.jpg,butterfly,"File:Monarch - Danaus plexippus, Meadowood Farm SRMA, Mason Neck, Virginia (35721532092).jpg",Judy Gallagher,CC BY 2.0,https://creativecommons.org/licenses/by/2.0,"https://commons.wikimedia.org/wiki/File:Monarch_-_Danaus_plexippus,_Meadowood_Farm_SRMA,_Mason_Neck,_Virginia_(35721532092).jpg",https://upload.wikimedia.org/wikipedia/commons/1/17/Monarch_-_Danaus_plexippus%2C_Meadowood_Farm_SRMA%2C_Mason_Neck%2C_Virginia_%2835721532092%29.jpg?utm_source=commons.wikimedia.org&utm_campaign=imageinfo&utm_content=original,https://thumb.wikimedia.org/wikipedia/commons/thumb/1/17/Monarch_-_Danaus_plexippus%2C_Meadowood_Farm_SRMA%2C_Mason_Neck%2C_Virginia_%2835721532092%29.jpg/960px-Monarch_-_Danaus_plexippus%2C_Meadowood_Farm_SRMA%2C_Mason_Neck%2C_Virginia_%2835721532092%29.jpg?utm_source=commons.wikimedia.org&utm_campaign=imageinfo&utm_content=thumbnail,2026-09-07,960,1484,7329155bf1061757f9e82beb8e2881e8597f053705694ef564a113324e0e10b9,Wikimedia server thumbnail; no local pixel editing
experiments/data/raw/butterfly/111141128.jpg,butterfly,File:Danaus plexippus Monarch and Tetragonula carbonaria Sugarbag bee on Xanthorrhoea johnsonii inflorescence 74 Sunbury St Geebung P1100204.jpg,John Robert McPherson,CC BY-SA 4.0,https://creativecommons.org/licenses/by-sa/4.0,https://commons.wikimedia.org/wiki/File:Danaus_plexippus_Monarch_and_Tetragonula_carbonaria_Sugarbag_bee_on_Xanthorrhoea_johnsonii_inflorescence_74_Sunbury_St_Geebung_P1100204.jpg,https://upload.wikimedia.org/wikipedia/commons/f/f6/Danaus_plexippus_Monarch_and_Tetragonula_carbonaria_Sugarbag_bee_on_Xanthorrhoea_johnsonii_inflorescence_74_Sunbury_St_Geebung_P1100204.jpg?utm_source=commons.wikimedia.org&utm_campaign=imageinfo&utm_content=original,https://thumb.wikimedia.org/wikipedia/commons/thumb/f/f6/Danaus_plexippus_Monarch_and_Tetragonula_carbonaria_Sugarbag_bee_on_Xanthorrhoea_johnsonii_inflorescence_74_Sunbury_St_Geebung_P1100204.jpg/960px-Danaus_plexippus_Monarch_and_Tetragonula_carbonaria_Sugarbag_bee_on_Xanthorrhoea_johnsonii_inflorescence_74_Sunbury_St_Geebung_P1100204.jpg?utm_source=commons.wikimedia.org&utm_campaign=imageinfo&utm_content=thumbnail,2026-09-07,960,1280,0ee9bd97f02e11fc77fac84334ff86fa05a0627dcc1949c686e9b6c15e7372e1,Wikimedia server thumbnail; no local pixel editing
experiments/data/raw/butterfly/148573413.jpg,butterfly,File:Monarch Butterfly Danaus plexippus Male on Red Clover Red Clover Trifolium pratense 3936.jpg,ImagePerson,CC BY-SA 4.0,https://creativecommons.org/licenses/by-sa/4.0,https://commons.wikimedia.org/wiki/File:Monarch_Butterfly_Danaus_plexippus_Male_on_Red_Clover_Red_Clover_Trifolium_pratense_3936.jpg,https://upload.wikimedia.org/wikipedia/commons/b/b1/Monarch_Butterfly_Danaus_plexippus_Male_on_Red_Clover_Red_Clover_Trifolium_pratense_3936.jpg?utm_source=commons.wikimedia.org&utm_campaign=imageinfo&utm_content=original,https://thumb.wikimedia.org/wikipedia/commons/thumb/b/b1/Monarch_Butterfly_Danaus_plexippus_Male_on_Red_Clover_Red_Clover_Trifolium_pratense_3936.jpg/960px-Monarch_Butterfly_Danaus_plexippus_Male_on_Red_Clover_Red_Clover_Trifolium_pratense_3936.jpg?utm_source=commons.wikimedia.org&utm_campaign=imageinfo&utm_content=thumbnail,2026-09-07,960,640,d0dc1fd59d67dafcece3989f1dee4c798371e495c211288e02afa0e54e086bd0,Wikimedia server thumbnail; no local pixel editing
experiments/data/raw/butterfly/1226444.jpg,butterfly,File:Danaus plexippus.JPG,Simon Koopmann,CC BY-SA 2.5,https://creativecommons.org/licenses/by-sa/2.5,https://commons.wikimedia.org/wiki/File:Danaus_plexippus.JPG,https://upload.wikimedia.org/wikipedia/commons/5/53/Danaus_plexippus.JPG?utm_source=commons.wikimedia.org&utm_campaign=imageinfo&utm_content=original,https://thumb.wikimedia.org/wikipedia/commons/thumb/5/53/Danaus_plexippus.JPG/960px-Danaus_plexippus.JPG?utm_source=commons.wikimedia.org&utm_campaign=imageinfo&utm_content=thumbnail,2026-09-07,960,638,42267fa95e3bee0199c002f99ad3279beae15e10c012fd9351eb46df2c010783,Wikimedia server thumbnail; no local pixel editing
experiments/data/raw/butterfly/126550410.jpg,butterfly,File:Danaus plexippus 161367323.jpg,Miranda Kohout,CC0,http://creativecommons.org/publicdomain/zero/1.0/deed.en,https://commons.wikimedia.org/wiki/File:Danaus_plexippus_161367323.jpg,https://upload.wikimedia.org/wikipedia/commons/0/07/Danaus_plexippus_161367323.jpg?utm_source=commons.wikimedia.org&utm_campaign=imageinfo&utm_content=original,https://thumb.wikimedia.org/wikipedia/commons/thumb/0/07/Danaus_plexippus_161367323.jpg/960px-Danaus_plexippus_161367323.jpg?utm_source=commons.wikimedia.org&utm_campaign=imageinfo&utm_content=thumbnail,2026-09-07,960,1280,0f3e2996fe25de582ac2b78f534e90a2a90824dc0de73dd7a3fddea1c8cecfeb,Wikimedia server thumbnail; no local pixel editing
experiments/data/raw/butterfly/31876658.jpg,butterfly,File:Monarch (Danaus plexippus) (7174004787).jpg,Peter Broster,CC BY 2.0,https://creativecommons.org/licenses/by/2.0,https://commons.wikimedia.org/wiki/File:Monarch_(Danaus_plexippus)_(7174004787).jpg,https://upload.wikimedia.org/wikipedia/commons/7/74/Monarch_%28Danaus_plexippus%29_%287174004787%29.jpg?utm_source=commons.wikimedia.org&utm_campaign=imageinfo&utm_content=original,https://thumb.wikimedia.org/wikipedia/commons/thumb/7/74/Monarch_%28Danaus_plexippus%29_%287174004787%29.jpg/960px-Monarch_%28Danaus_plexippus%29_%287174004787%29.jpg?utm_source=commons.wikimedia.org&utm_campaign=imageinfo&utm_content=thumbnail,2026-09-07,960,720,59ec74e125658542f8d62201c99216a35bae494b45dbfcd4967d1c0d22e94e29,Wikimedia server thumbnail; no local pixel editing
experiments/data/raw/butterfly/75552878.jpg,butterfly,"File:Monarch (Danaus plexippus) - Mississauga, Ontario.jpg",Ryan Hodnett,CC BY-SA 4.0,https://creativecommons.org/licenses/by-sa/4.0,"https://commons.wikimedia.org/wiki/File:Monarch_(Danaus_plexippus)_-_Mississauga,_Ontario.jpg",https://upload.wikimedia.org/wikipedia/commons/d/d5/Monarch_%28Danaus_plexippus%29_-_Mississauga%2C_Ontario.jpg?utm_source=commons.wikimedia.org&utm_campaign=imageinfo&utm_content=original,https://thumb.wikimedia.org/wikipedia/commons/thumb/d/d5/Monarch_%28Danaus_plexippus%29_-_Mississauga%2C_Ontario.jpg/960px-Monarch_%28Danaus_plexippus%29_-_Mississauga%2C_Ontario.jpg?utm_source=commons.wikimedia.org&utm_campaign=imageinfo&utm_content=thumbnail,2026-09-07,960,768,310969b6e4e850d4e622c5f72d8649aa657890ea0e947258ed6780c2ab5609c8,Wikimedia server thumbnail; no local pixel editing
experiments/data/raw/butterfly/43158938.jpg,butterfly,"File:Monarch Butterfly (Danaus plexippus) - Guelph, Ontario.jpg",Ryan Hodnett,CC BY-SA 4.0,https://creativecommons.org/licenses/by-sa/4.0,"https://commons.wikimedia.org/wiki/File:Monarch_Butterfly_(Danaus_plexippus)_-_Guelph,_Ontario.jpg",https://upload.wikimedia.org/wikipedia/commons/a/a6/Monarch_Butterfly_%28Danaus_plexippus%29_-_Guelph%2C_Ontario.jpg?utm_source=commons.wikimedia.org&utm_campaign=imageinfo&utm_content=original,https://thumb.wikimedia.org/wikipedia/commons/thumb/a/a6/Monarch_Butterfly_%28Danaus_plexippus%29_-_Guelph%2C_Ontario.jpg/960px-Monarch_Butterfly_%28Danaus_plexippus%29_-_Guelph%2C_Ontario.jpg?utm_source=commons.wikimedia.org&utm_campaign=imageinfo&utm_content=thumbnail,2026-09-07,960,540,98e632565503c82b19048b424013003d530237afbf9f9929f26c15c86b7d0a87,Wikimedia server thumbnail; no local pixel editing
experiments/data/raw/butterfly/111141166.jpg,butterfly,File:Danaus plexippus Monarch and Tetragonula carbonaria Sugarbag bee on Xanthorrhoea johnsonii inflorescence 74 Sunbury St Geebung P1100215.jpg,John Robert McPherson,CC BY-SA 4.0,https://creativecommons.org/licenses/by-sa/4.0,https://commons.wikimedia.org/wiki/File:Danaus_plexippus_Monarch_and_Tetragonula_carbonaria_Sugarbag_bee_on_Xanthorrhoea_johnsonii_inflorescence_74_Sunbury_St_Geebung_P1100215.jpg,https://upload.wikimedia.org/wikipedia/commons/3/32/Danaus_plexippus_Monarch_and_Tetragonula_carbonaria_Sugarbag_bee_on_Xanthorrhoea_johnsonii_inflorescence_74_Sunbury_St_Geebung_P1100215.jpg?utm_source=commons.wikimedia.org&utm_campaign=imageinfo&utm_content=original,https://thumb.wikimedia.org/wikipedia/commons/thumb/3/32/Danaus_plexippus_Monarch_and_Tetragonula_carbonaria_Sugarbag_bee_on_Xanthorrhoea_johnsonii_inflorescence_74_Sunbury_St_Geebung_P1100215.jpg/960px-Danaus_plexippus_Monarch_and_Tetragonula_carbonaria_Sugarbag_bee_on_Xanthorrhoea_johnsonii_inflorescence_74_Sunbury_St_Geebung_P1100215.jpg?utm_source=commons.wikimedia.org&utm_campaign=imageinfo&utm_content=thumbnail,2026-09-07,960,720,9e90f60d3824fa105bfd1aec0eef7c87dd15767dd4206835eb4d59f3bebecbef,Wikimedia server thumbnail; no local pixel editing
experiments/data/raw/butterfly/17312601.jpg,butterfly,File:Danaus Plexippus nectaring.jpg,Paolo Costa Baldi,CC BY-SA 3.0,https://creativecommons.org/licenses/by-sa/3.0,https://commons.wikimedia.org/wiki/File:Danaus_Plexippus_nectaring.jpg,https://upload.wikimedia.org/wikipedia/commons/2/2c/Danaus_Plexippus_nectaring.jpg?utm_source=commons.wikimedia.org&utm_campaign=imageinfo&utm_content=original,https://thumb.wikimedia.org/wikipedia/commons/thumb/2/2c/Danaus_Plexippus_nectaring.jpg/960px-Danaus_Plexippus_nectaring.jpg?utm_source=commons.wikimedia.org&utm_campaign=imageinfo&utm_content=thumbnail,2026-09-07,960,739,b20ae09ec20b4a0e86e8681d45c90fbcbbfa1d80408f9a02a8ed9c91bd6b24a9,Wikimedia server thumbnail; no local pixel editing
experiments/data/raw/dragonfly/14781941.jpg,dragonfly,File:Anax imperator qtl2.jpg,Quartl,CC BY 3.0,https://creativecommons.org/licenses/by/3.0,https://commons.wikimedia.org/wiki/File:Anax_imperator_qtl2.jpg,https://upload.wikimedia.org/wikipedia/commons/0/06/Anax_imperator_qtl2.jpg?utm_source=commons.wikimedia.org&utm_campaign=imageinfo&utm_content=original,https://thumb.wikimedia.org/wikipedia/commons/thumb/0/06/Anax_imperator_qtl2.jpg/960px-Anax_imperator_qtl2.jpg?utm_source=commons.wikimedia.org&utm_campaign=imageinfo&utm_content=thumbnail,2026-09-07,960,736,cccd1da0d71d6be6d53429eb6883874315e1269e06afd94afdf5747b7f28abf2,Wikimedia server thumbnail; no local pixel editing
experiments/data/raw/dragonfly/61223735.jpg,dragonfly,File:Anax imperator 2015 11 23 6807.jpg,Alandmanson,CC BY-SA 4.0,https://creativecommons.org/licenses/by-sa/4.0,https://commons.wikimedia.org/wiki/File:Anax_imperator_2015_11_23_6807.jpg,https://upload.wikimedia.org/wikipedia/commons/6/61/Anax_imperator_2015_11_23_6807.jpg?utm_source=commons.wikimedia.org&utm_campaign=imageinfo&utm_content=original,https://thumb.wikimedia.org/wikipedia/commons/thumb/6/61/Anax_imperator_2015_11_23_6807.jpg/960px-Anax_imperator_2015_11_23_6807.jpg?utm_source=commons.wikimedia.org&utm_campaign=imageinfo&utm_content=thumbnail,2026-09-07,960,534,08f18cb6dddc65d3a1a8d2f126c54631c49dc31c0520fa7c5dfbe22e164347d5,Wikimedia server thumbnail; no local pixel editing
experiments/data/raw/dragonfly/42045065.jpg,dragonfly,File:Emperor dragonfly (Anax imperator) female.JPG,Charles J. Sharp,CC BY-SA 4.0,https://creativecommons.org/licenses/by-sa/4.0,https://commons.wikimedia.org/wiki/File:Emperor_dragonfly_(Anax_imperator)_female.JPG,https://upload.wikimedia.org/wikipedia/commons/5/5e/Emperor_dragonfly_%28Anax_imperator%29_female.JPG?utm_source=commons.wikimedia.org&utm_campaign=imageinfo&utm_content=original,https://thumb.wikimedia.org/wikipedia/commons/thumb/5/5e/Emperor_dragonfly_%28Anax_imperator%29_female.JPG/960px-Emperor_dragonfly_%28Anax_imperator%29_female.JPG?utm_source=commons.wikimedia.org&utm_campaign=imageinfo&utm_content=thumbnail,2026-09-07,960,640,f43dde348f044da01c386de97112a9d4be5ca7bd5b0a263f5fb99c83836434d8,Wikimedia server thumbnail; no local pixel editing
experiments/data/raw/dragonfly/10853607.jpg,dragonfly,File:Anax imperator-pjt.jpg,pjt56 --- If you use the picture outside Wikipedia I would appreciate a short e-mail to pjt56@gmx.net,CC BY 3.0,https://creativecommons.org/licenses/by/3.0,https://commons.wikimedia.org/wiki/File:Anax_imperator-pjt.jpg,https://upload.wikimedia.org/wikipedia/commons/3/31/Anax_imperator-pjt.jpg?utm_source=commons.wikimedia.org&utm_campaign=imageinfo&utm_content=original,https://thumb.wikimedia.org/wikipedia/commons/thumb/3/31/Anax_imperator-pjt.jpg/960px-Anax_imperator-pjt.jpg?utm_source=commons.wikimedia.org&utm_campaign=imageinfo&utm_content=thumbnail,2026-09-07,960,639,d19f5e9af5cd56d07fd8cc69bf397b6030c5d2cd62f6ddf246616ebb1beaa0ac,Wikimedia server thumbnail; no local pixel editing
experiments/data/raw/dragonfly/14797813.jpg,dragonfly,File:Anax imperator qtl3.jpg,Quartl,CC BY-SA 3.0,https://creativecommons.org/licenses/by-sa/3.0,https://commons.wikimedia.org/wiki/File:Anax_imperator_qtl3.jpg,https://upload.wikimedia.org/wikipedia/commons/f/f2/Anax_imperator_qtl3.jpg?utm_source=commons.wikimedia.org&utm_campaign=imageinfo&utm_content=original,https://thumb.wikimedia.org/wikipedia/commons/thumb/f/f2/Anax_imperator_qtl3.jpg/960px-Anax_imperator_qtl3.jpg?utm_source=commons.wikimedia.org&utm_campaign=imageinfo&utm_content=thumbnail,2026-09-07,960,673,536896c50e2dcc061b42b5623bb96742f3231ac0e4fea57a5198508a0cef9854,Wikimedia server thumbnail; no local pixel editing
experiments/data/raw/dragonfly/148879685.jpg,dragonfly,"File:Bayerischer Spessart Naturpark, Große Königslibelle (Anax imperator).jpg",Thomas Fuhrmann,CC BY-SA 4.0,https://creativecommons.org/licenses/by-sa/4.0,"https://commons.wikimedia.org/wiki/File:Bayerischer_Spessart_Naturpark,_Gro%C3%9Fe_K%C3%B6nigslibelle_(Anax_imperator).jpg",https://upload.wikimedia.org/wikipedia/commons/6/61/Bayerischer_Spessart_Naturpark%2C_Gro%C3%9Fe_K%C3%B6nigslibelle_%28Anax_imperator%29.jpg?utm_source=commons.wikimedia.org&utm_campaign=imageinfo&utm_content=original,https://thumb.wikimedia.org/wikipedia/commons/thumb/6/61/Bayerischer_Spessart_Naturpark%2C_Gro%C3%9Fe_K%C3%B6nigslibelle_%28Anax_imperator%29.jpg/960px-Bayerischer_Spessart_Naturpark%2C_Gro%C3%9Fe_K%C3%B6nigslibelle_%28Anax_imperator%29.jpg?utm_source=commons.wikimedia.org&utm_campaign=imageinfo&utm_content=thumbnail,2026-09-07,960,640,b7c572280d829dacdd34d0c020a793a183bf99022ab84d743864293fe66bb0bd,Wikimedia server thumbnail; no local pixel editing
experiments/data/raw/dragonfly/49555114.jpg,dragonfly,File:Anax imperator Ymerawdwr.jpg,Alun Williams333,CC BY-SA 4.0,https://creativecommons.org/licenses/by-sa/4.0,https://commons.wikimedia.org/wiki/File:Anax_imperator_Ymerawdwr.jpg,https://upload.wikimedia.org/wikipedia/commons/a/af/Anax_imperator_Ymerawdwr.jpg?utm_source=commons.wikimedia.org&utm_campaign=imageinfo&utm_content=original,https://thumb.wikimedia.org/wikipedia/commons/thumb/a/af/Anax_imperator_Ymerawdwr.jpg/960px-Anax_imperator_Ymerawdwr.jpg?utm_source=commons.wikimedia.org&utm_campaign=imageinfo&utm_content=thumbnail,2026-09-07,960,1423,dc598d3f265d15db9f4e7bd8fd74b513cac21569d3c61b5b4e1d43f7853463a2,Wikimedia server thumbnail; no local pixel editing
experiments/data/raw/dragonfly/80810476.jpg,dragonfly,File:Anax imperator Große Königslibelle-3858.jpg,Isiwal,CC BY-SA 4.0,https://creativecommons.org/licenses/by-sa/4.0,https://commons.wikimedia.org/wiki/File:Anax_imperator_Gro%C3%9Fe_K%C3%B6nigslibelle-3858.jpg,https://upload.wikimedia.org/wikipedia/commons/0/0b/Anax_imperator_Gro%C3%9Fe_K%C3%B6nigslibelle-3858.jpg?utm_source=commons.wikimedia.org&utm_campaign=imageinfo&utm_content=original,https://thumb.wikimedia.org/wikipedia/commons/thumb/0/0b/Anax_imperator_Gro%C3%9Fe_K%C3%B6nigslibelle-3858.jpg/960px-Anax_imperator_Gro%C3%9Fe_K%C3%B6nigslibelle-3858.jpg?utm_source=commons.wikimedia.org&utm_campaign=imageinfo&utm_content=thumbnail,2026-09-07,960,720,3a232940505b1e07c6821441946ff21dd52ca31632b3d396a1904dfa310cb305,Wikimedia server thumbnail; no local pixel editing
experiments/data/raw/dragonfly/60608629.jpg,dragonfly,File:Emperor dragonfly (Anax imperator) male 2.jpg,Charles J. Sharp,CC BY-SA 4.0,https://creativecommons.org/licenses/by-sa/4.0,https://commons.wikimedia.org/wiki/File:Emperor_dragonfly_(Anax_imperator)_male_2.jpg,https://upload.wikimedia.org/wikipedia/commons/6/6f/Emperor_dragonfly_%28Anax_imperator%29_male_2.jpg?utm_source=commons.wikimedia.org&utm_campaign=imageinfo&utm_content=original,https://thumb.wikimedia.org/wikipedia/commons/thumb/6/6f/Emperor_dragonfly_%28Anax_imperator%29_male_2.jpg/960px-Emperor_dragonfly_%28Anax_imperator%29_male_2.jpg?utm_source=commons.wikimedia.org&utm_campaign=imageinfo&utm_content=thumbnail,2026-09-07,960,640,bc83af99d858987f62cac2147c7a9b69e2033b248aa9178b7e33429b05a609e3,Wikimedia server thumbnail; no local pixel editing
experiments/data/raw/dragonfly/14781381.jpg,dragonfly,File:Anax imperator qtl1.jpg,Quartl,CC BY-SA 3.0,https://creativecommons.org/licenses/by-sa/3.0,https://commons.wikimedia.org/wiki/File:Anax_imperator_qtl1.jpg,https://upload.wikimedia.org/wikipedia/commons/f/f9/Anax_imperator_qtl1.jpg?utm_source=commons.wikimedia.org&utm_campaign=imageinfo&utm_content=original,https://thumb.wikimedia.org/wikipedia/commons/thumb/f/f9/Anax_imperator_qtl1.jpg/960px-Anax_imperator_qtl1.jpg?utm_source=commons.wikimedia.org&utm_campaign=imageinfo&utm_content=thumbnail,2026-09-07,960,684,321b7797504bbfdea12154caae3da5a95e4a4b51b37101ff71db845be927bacd,Wikimedia server thumbnail; no local pixel editing
experiments/data/raw/dragonfly/147042877.jpg,dragonfly,File:Emperor dragonfly (Anax imperator) male in flight Malta.jpg,Charles J. Sharp,CC BY-SA 4.0,https://creativecommons.org/licenses/by-sa/4.0,https://commons.wikimedia.org/wiki/File:Emperor_dragonfly_(Anax_imperator)_male_in_flight_Malta.jpg,https://upload.wikimedia.org/wikipedia/commons/c/c5/Emperor_dragonfly_%28Anax_imperator%29_male_in_flight_Malta.jpg?utm_source=commons.wikimedia.org&utm_campaign=imageinfo&utm_content=original,https://thumb.wikimedia.org/wikipedia/commons/thumb/c/c5/Emperor_dragonfly_%28Anax_imperator%29_male_in_flight_Malta.jpg/960px-Emperor_dragonfly_%28Anax_imperator%29_male_in_flight_Malta.jpg?utm_source=commons.wikimedia.org&utm_campaign=imageinfo&utm_content=thumbnail,2026-09-07,960,640,98353d8483f60291ec982f75c6947c0f78a95f84bf564d507d8e20ffffb5001b,Wikimedia server thumbnail; no local pixel editing
experiments/data/raw/dragonfly/69941005.jpg,dragonfly,File:Anax imperator 1.jpg,Zoran Gavrilović,CC BY-SA 4.0,https://creativecommons.org/licenses/by-sa/4.0,https://commons.wikimedia.org/wiki/File:Anax_imperator_1.jpg,https://upload.wikimedia.org/wikipedia/commons/d/d3/Anax_imperator_1.jpg?utm_source=commons.wikimedia.org&utm_campaign=imageinfo&utm_content=original,https://thumb.wikimedia.org/wikipedia/commons/thumb/d/d3/Anax_imperator_1.jpg/960px-Anax_imperator_1.jpg?utm_source=commons.wikimedia.org&utm_campaign=imageinfo&utm_content=thumbnail,2026-09-07,960,819,4b185e32aa1422e787b8054bf49e409faccf515da9cbf54b7862c1780ba986ab,Wikimedia server thumbnail; no local pixel editing
experiments/data/raw/dragonfly/63755728.jpg,dragonfly,File:Blue Emperor male . Anax imperator (35667739312).jpg,"gailhampshire from Cradley, Malvern, U.K",CC BY 2.0,https://creativecommons.org/licenses/by/2.0,https://commons.wikimedia.org/wiki/File:Blue_Emperor_male_._Anax_imperator_(35667739312).jpg,https://upload.wikimedia.org/wikipedia/commons/f/f1/Blue_Emperor_male_._Anax_imperator_%2835667739312%29.jpg?utm_source=commons.wikimedia.org&utm_campaign=imageinfo&utm_content=original,https://thumb.wikimedia.org/wikipedia/commons/thumb/f/f1/Blue_Emperor_male_._Anax_imperator_%2835667739312%29.jpg/960px-Blue_Emperor_male_._Anax_imperator_%2835667739312%29.jpg?utm_source=commons.wikimedia.org&utm_campaign=imageinfo&utm_content=thumbnail,2026-09-07,960,902,78ea82a3c4070d4aad60d6bcee8dfa5086c433f788517d5774cd8e38d11824d6,Wikimedia server thumbnail; no local pixel editing
experiments/data/raw/dragonfly/210257.jpg,dragonfly,File:Anax imperator female.jpg,,Public domain,,https://commons.wikimedia.org/wiki/File:Anax_imperator_female.jpg,https://upload.wikimedia.org/wikipedia/commons/4/46/Anax_imperator_female.jpg?utm_source=commons.wikimedia.org&utm_campaign=imageinfo&utm_content=original,https://thumb.wikimedia.org/wikipedia/commons/thumb/4/46/Anax_imperator_female.jpg/960px-Anax_imperator_female.jpg?utm_source=commons.wikimedia.org&utm_campaign=imageinfo&utm_content=thumbnail,2026-09-07,960,720,7e69be12921bb7e3c19d150b4302da6a0fbfd5689d9887deb042a6b0758c196e,Wikimedia server thumbnail; no local pixel editing
experiments/data/raw/dragonfly/49987380.jpg,dragonfly,File:Blue Emperor. Anax Imperator. head detail - Flickr - gailhampshire.jpg,"gailhampshire from Cradley, Malvern, U.K",CC BY 2.0,https://creativecommons.org/licenses/by/2.0,https://commons.wikimedia.org/wiki/File:Blue_Emperor._Anax_Imperator._head_detail_-_Flickr_-_gailhampshire.jpg,https://upload.wikimedia.org/wikipedia/commons/d/dd/Blue_Emperor._Anax_Imperator._head_detail_-_Flickr_-_gailhampshire.jpg?utm_source=commons.wikimedia.org&utm_campaign=imageinfo&utm_content=original,https://thumb.wikimedia.org/wikipedia/commons/thumb/d/dd/Blue_Emperor._Anax_Imperator._head_detail_-_Flickr_-_gailhampshire.jpg/960px-Blue_Emperor._Anax_Imperator._head_detail_-_Flickr_-_gailhampshire.jpg?utm_source=commons.wikimedia.org&utm_campaign=imageinfo&utm_content=thumbnail,2026-09-07,960,842,800f1dbf68e4f51fa838d483fbb4b9d2207aa48d20e153bed4ebef4e5fd9d539,Wikimedia server thumbnail; no local pixel editing
experiments/data/raw/dragonfly/21224117.jpg,dragonfly,File:Anax imperator CBMen 4.jpg,Donkey shot,CC BY-SA 3.0,https://creativecommons.org/licenses/by-sa/3.0,https://commons.wikimedia.org/wiki/File:Anax_imperator_CBMen_4.jpg,https://upload.wikimedia.org/wikipedia/commons/b/b3/Anax_imperator_CBMen_4.jpg?utm_source=commons.wikimedia.org&utm_campaign=imageinfo&utm_content=original,https://upload.wikimedia.org/wikipedia/commons/b/b3/Anax_imperator_CBMen_4.jpg?utm_source=commons.wikimedia.org&utm_campaign=imageinfo&utm_content=thumbnail_unscaled,2026-09-07,900,1200,34616485cf985b0ef87c33b66d6275580046e039d0a006e5f36f2bedfce82313,Wikimedia server thumbnail; no local pixel editing
experiments/data/raw/dragonfly/2173910.jpg,dragonfly,File:Anax imperator male.jpg,Agnieszka Urbaniak (to talk),CC BY-SA 3.0,https://creativecommons.org/licenses/by-sa/3.0,https://commons.wikimedia.org/wiki/File:Anax_imperator_male.jpg,https://upload.wikimedia.org/wikipedia/commons/a/a4/Anax_imperator_male.jpg?utm_source=commons.wikimedia.org&utm_campaign=imageinfo&utm_content=original,https://thumb.wikimedia.org/wikipedia/commons/thumb/a/a4/Anax_imperator_male.jpg/960px-Anax_imperator_male.jpg?utm_source=commons.wikimedia.org&utm_campaign=imageinfo&utm_content=thumbnail,2026-09-07,960,720,ab4a02995d2127358d45b2faca429a742d8bd9954c2a9387e87b4ebbdddac156,Wikimedia server thumbnail; no local pixel editing
experiments/data/raw/dragonfly/113143671.jpg,dragonfly,File:Anax imperator 52.jpg,Milanilic53,CC BY-SA 4.0,https://creativecommons.org/licenses/by-sa/4.0,https://commons.wikimedia.org/wiki/File:Anax_imperator_52.jpg,https://upload.wikimedia.org/wikipedia/commons/f/f2/Anax_imperator_52.jpg?utm_source=commons.wikimedia.org&utm_campaign=imageinfo&utm_content=original,https://thumb.wikimedia.org/wikipedia/commons/thumb/f/f2/Anax_imperator_52.jpg/960px-Anax_imperator_52.jpg?utm_source=commons.wikimedia.org&utm_campaign=imageinfo&utm_content=thumbnail,2026-09-07,960,640,e5cecea2e79628a593a841398710eed39bcefc080f51faa453aee5807d018e80,Wikimedia server thumbnail; no local pixel editing
experiments/data/raw/dragonfly/27643045.jpg,dragonfly,File:Anax imperator (3363887500).jpg,"Juan Emilio from Las Palmas de Gran Canaria, España",CC BY-SA 2.0,https://creativecommons.org/licenses/by-sa/2.0,https://commons.wikimedia.org/wiki/File:Anax_imperator_(3363887500).jpg,https://upload.wikimedia.org/wikipedia/commons/7/75/Anax_imperator_%283363887500%29.jpg?utm_source=commons.wikimedia.org&utm_campaign=imageinfo&utm_content=original,https://thumb.wikimedia.org/wikipedia/commons/thumb/7/75/Anax_imperator_%283363887500%29.jpg/960px-Anax_imperator_%283363887500%29.jpg?utm_source=commons.wikimedia.org&utm_campaign=imageinfo&utm_content=thumbnail,2026-09-07,960,720,3d1ab21432479c5b16b7fc0525121feae6cf20700d13cca1b988f8304b11e961,Wikimedia server thumbnail; no local pixel editing
experiments/data/raw/dragonfly/14864001.jpg,dragonfly,File:Anax imperator qtl5.jpg,Quartl,CC BY-SA 3.0,https://creativecommons.org/licenses/by-sa/3.0,https://commons.wikimedia.org/wiki/File:Anax_imperator_qtl5.jpg,https://upload.wikimedia.org/wikipedia/commons/d/dd/Anax_imperator_qtl5.jpg?utm_source=commons.wikimedia.org&utm_campaign=imageinfo&utm_content=original,https://thumb.wikimedia.org/wikipedia/commons/thumb/d/dd/Anax_imperator_qtl5.jpg/960px-Anax_imperator_qtl5.jpg?utm_source=commons.wikimedia.org&utm_campaign=imageinfo&utm_content=thumbnail,2026-09-07,960,662,fc11268435f8c409ea43cc1c911444a5fd1b0d97b55221905bca6dbbce9ad3fd,Wikimedia server thumbnail; no local pixel editing
experiments/data/raw/dragonfly/21224115.jpg,dragonfly,File:Anax imperator CBMen 3.jpg,Donkey shot,CC BY-SA 3.0,https://creativecommons.org/licenses/by-sa/3.0,https://commons.wikimedia.org/wiki/File:Anax_imperator_CBMen_3.jpg,https://upload.wikimedia.org/wikipedia/commons/f/fd/Anax_imperator_CBMen_3.jpg?utm_source=commons.wikimedia.org&utm_campaign=imageinfo&utm_content=original,https://upload.wikimedia.org/wikipedia/commons/f/fd/Anax_imperator_CBMen_3.jpg?utm_source=commons.wikimedia.org&utm_campaign=imageinfo&utm_content=thumbnail_unscaled,2026-09-07,900,1200,f85e30cb7e608a63bb6bd53ae1cfa6cf84f37a43c2591ba979c042d282a3bef3,Wikimedia server thumbnail; no local pixel editing
experiments/data/raw/dragonfly/64161194.jpg,dragonfly,File:Anax imperator (20510469152).jpg,AJC1 from UK,CC BY-SA 2.0,https://creativecommons.org/licenses/by-sa/2.0,https://commons.wikimedia.org/wiki/File:Anax_imperator_(20510469152).jpg,https://upload.wikimedia.org/wikipedia/commons/1/15/Anax_imperator_%2820510469152%29.jpg?utm_source=commons.wikimedia.org&utm_campaign=imageinfo&utm_content=original,https://thumb.wikimedia.org/wikipedia/commons/thumb/1/15/Anax_imperator_%2820510469152%29.jpg/960px-Anax_imperator_%2820510469152%29.jpg?utm_source=commons.wikimedia.org&utm_campaign=imageinfo&utm_content=thumbnail,2026-09-07,960,766,5751bb8e2077782060abf3d6c5eddc111aa324b653013aa9e516508dbb5c6170,Wikimedia server thumbnail; no local pixel editing
experiments/data/raw/dragonfly/34083635.jpg,dragonfly,"File:Anax imperator (Emperor Dragonfly) male, Nijmegen, the Netherlands.jpg",Bj.schoenmakers,CC0,http://creativecommons.org/publicdomain/zero/1.0/deed.en,"https://commons.wikimedia.org/wiki/File:Anax_imperator_(Emperor_Dragonfly)_male,_Nijmegen,_the_Netherlands.jpg",https://upload.wikimedia.org/wikipedia/commons/a/ac/Anax_imperator_%28Emperor_Dragonfly%29_male%2C_Nijmegen%2C_the_Netherlands.jpg?utm_source=commons.wikimedia.org&utm_campaign=imageinfo&utm_content=original,https://upload.wikimedia.org/wikipedia/commons/a/ac/Anax_imperator_%28Emperor_Dragonfly%29_male%2C_Nijmegen%2C_the_Netherlands.jpg?utm_source=commons.wikimedia.org&utm_campaign=imageinfo&utm_content=thumbnail_unscaled,2026-09-07,800,600,86bab13168738a7a5a15d1f09adc566a8cde4c9670dc5ef9eb8c5ae5f88b4246,Wikimedia server thumbnail; no local pixel editing
experiments/data/raw/dragonfly/11412825.jpg,dragonfly,File:Anax imperator f3.JPG,Aiwok,CC BY-SA 3.0,https://creativecommons.org/licenses/by-sa/3.0,https://commons.wikimedia.org/wiki/File:Anax_imperator_f3.JPG,https://upload.wikimedia.org/wikipedia/commons/5/5a/Anax_imperator_f3.JPG?utm_source=commons.wikimedia.org&utm_campaign=imageinfo&utm_content=original,https://thumb.wikimedia.org/wikipedia/commons/thumb/5/5a/Anax_imperator_f3.JPG/960px-Anax_imperator_f3.JPG?utm_source=commons.wikimedia.org&utm_campaign=imageinfo&utm_content=thumbnail,2026-09-07,960,637,f7f0532acbcae8b29abdbf940426bf6c320ec3ddc7ef8a5d1c2bac0a9986b178,Wikimedia server thumbnail; no local pixel editing
experiments/data/raw/dragonfly/69941004.jpg,dragonfly,File:Anax imperator 01.jpg,Zoran Gavrilović,CC BY-SA 4.0,https://creativecommons.org/licenses/by-sa/4.0,https://commons.wikimedia.org/wiki/File:Anax_imperator_01.jpg,https://upload.wikimedia.org/wikipedia/commons/9/95/Anax_imperator_01.jpg?utm_source=commons.wikimedia.org&utm_campaign=imageinfo&utm_content=original,https://thumb.wikimedia.org/wikipedia/commons/thumb/9/95/Anax_imperator_01.jpg/960px-Anax_imperator_01.jpg?utm_source=commons.wikimedia.org&utm_campaign=imageinfo&utm_content=thumbnail,2026-09-07,960,929,af6ede7eb38dfb1736ab6e7327c5bc0d1ba5929759587f06025e9ea29647a85b,Wikimedia server thumbnail; no local pixel editing
experiments/data/raw/dragonfly/125330518.jpg,dragonfly,File:Anax imperator IMG 4961.jpg,MilanIlic553,CC BY-SA 4.0,https://creativecommons.org/licenses/by-sa/4.0,https://commons.wikimedia.org/wiki/File:Anax_imperator_IMG_4961.jpg,https://upload.wikimedia.org/wikipedia/commons/7/74/Anax_imperator_IMG_4961.jpg?utm_source=commons.wikimedia.org&utm_campaign=imageinfo&utm_content=original,https://thumb.wikimedia.org/wikipedia/commons/thumb/7/74/Anax_imperator_IMG_4961.jpg/960px-Anax_imperator_IMG_4961.jpg?utm_source=commons.wikimedia.org&utm_campaign=imageinfo&utm_content=thumbnail,2026-09-07,960,720,09b328d20a7f242b2e5a1cb718da95a7a89b173f699801d87f0b1e051b627aac,Wikimedia server thumbnail; no local pixel editing
experiments/data/raw/dragonfly/61576889.jpg,dragonfly,File:Emperor Dragonfly (Anax imperator) male resting ... (34855626373).jpg,Bernard DUPONT from FRANCE,CC BY-SA 2.0,https://creativecommons.org/licenses/by-sa/2.0,https://commons.wikimedia.org/wiki/File:Emperor_Dragonfly_(Anax_imperator)_male_resting_..._(34855626373).jpg,https://upload.wikimedia.org/wikipedia/commons/6/63/Emperor_Dragonfly_%28Anax_imperator%29_male_resting_..._%2834855626373%29.jpg?utm_source=commons.wikimedia.org&utm_campaign=imageinfo&utm_content=original,https://thumb.wikimedia.org/wikipedia/commons/thumb/6/63/Emperor_Dragonfly_%28Anax_imperator%29_male_resting_..._%2834855626373%29.jpg/960px-Emperor_Dragonfly_%28Anax_imperator%29_male_resting_..._%2834855626373%29.jpg?utm_source=commons.wikimedia.org&utm_campaign=imageinfo&utm_content=thumbnail,2026-09-07,960,1171,cdbd000db60ddf4a6ff178ec3d0a4204e81dc4cdd66b4bab46c9529def314536,Wikimedia server thumbnail; no local pixel editing
experiments/data/raw/dragonfly/74867679.jpg,dragonfly,File:Anax imperator; emperor dragonfly; Grote keizerlibel 03.jpg,Luc hoogenstein,CC BY-SA 4.0,https://creativecommons.org/licenses/by-sa/4.0,https://commons.wikimedia.org/wiki/File:Anax_imperator;_emperor_dragonfly;_Grote_keizerlibel_03.jpg,https://upload.wikimedia.org/wikipedia/commons/d/df/Anax_imperator%3B_emperor_dragonfly%3B_Grote_keizerlibel_03.jpg?utm_source=commons.wikimedia.org&utm_campaign=imageinfo&utm_content=original,https://thumb.wikimedia.org/wikipedia/commons/thumb/d/df/Anax_imperator%3B_emperor_dragonfly%3B_Grote_keizerlibel_03.jpg/960px-Anax_imperator%3B_emperor_dragonfly%3B_Grote_keizerlibel_03.jpg?utm_source=commons.wikimedia.org&utm_campaign=imageinfo&utm_content=thumbnail,2026-09-07,960,640,d2287af8bfe22ce418dcbb8362a9d41c894ffd361e3b96c00d004cb78dea8718,Wikimedia server thumbnail; no local pixel editing
experiments/data/raw/dragonfly/113145306.jpg,dragonfly,File:Anax imperator 33.jpg,Milanilic53,CC BY-SA 4.0,https://creativecommons.org/licenses/by-sa/4.0,https://commons.wikimedia.org/wiki/File:Anax_imperator_33.jpg,https://upload.wikimedia.org/wikipedia/commons/c/cf/Anax_imperator_33.jpg?utm_source=commons.wikimedia.org&utm_campaign=imageinfo&utm_content=original,https://thumb.wikimedia.org/wikipedia/commons/thumb/c/cf/Anax_imperator_33.jpg/960px-Anax_imperator_33.jpg?utm_source=commons.wikimedia.org&utm_campaign=imageinfo&utm_content=thumbnail,2026-09-07,960,720,7da5bdd3e8023e47ac64dec688cf51abf7dd86861944dc2d5612de1821e8d396,Wikimedia server thumbnail; no local pixel editing
experiments/data/raw/dragonfly/2322934.jpg,dragonfly,File:Anax imperator male Weinsberg 20070616.jpg,Rosenzweig,CC BY-SA 3.0,http://creativecommons.org/licenses/by-sa/3.0/,https://commons.wikimedia.org/wiki/File:Anax_imperator_male_Weinsberg_20070616.jpg,https://upload.wikimedia.org/wikipedia/commons/5/5a/Anax_imperator_male_Weinsberg_20070616.jpg?utm_source=commons.wikimedia.org&utm_campaign=imageinfo&utm_content=original,https://thumb.wikimedia.org/wikipedia/commons/thumb/5/5a/Anax_imperator_male_Weinsberg_20070616.jpg/960px-Anax_imperator_male_Weinsberg_20070616.jpg?utm_source=commons.wikimedia.org&utm_campaign=imageinfo&utm_content=thumbnail,2026-09-07,960,638,eb3a7c9c981ba50d74a6229c404b5a81f7092a49498f86c33e4b33815c32a13a,Wikimedia server thumbnail; no local pixel editing
experiments/data/raw/dragonfly/124479550.jpg,dragonfly,File:Blue Emperors ( Anax imperator) mating (51833894448).jpg,gailhampshire,CC BY 2.0,https://creativecommons.org/licenses/by/2.0,https://commons.wikimedia.org/wiki/File:Blue_Emperors_(_Anax_imperator)_mating_(51833894448).jpg,https://upload.wikimedia.org/wikipedia/commons/f/f2/Blue_Emperors_%28_Anax_imperator%29_mating_%2851833894448%29.jpg?utm_source=commons.wikimedia.org&utm_campaign=imageinfo&utm_content=original,https://thumb.wikimedia.org/wikipedia/commons/thumb/f/f2/Blue_Emperors_%28_Anax_imperator%29_mating_%2851833894448%29.jpg/960px-Blue_Emperors_%28_Anax_imperator%29_mating_%2851833894448%29.jpg?utm_source=commons.wikimedia.org&utm_campaign=imageinfo&utm_content=thumbnail,2026-09-07,960,790,9a3e31b29c6da5e6574839b569f71752408e765dea199992139b53f41fcf788b,Wikimedia server thumbnail; no local pixel editing
experiments/data/raw/dragonfly/49992639.jpg,dragonfly,File:Blue Emperor. Anax Imperator. - Flickr - gailhampshire.jpg,"gailhampshire from Cradley, Malvern, U.K",CC BY 2.0,https://creativecommons.org/licenses/by/2.0,https://commons.wikimedia.org/wiki/File:Blue_Emperor._Anax_Imperator._-_Flickr_-_gailhampshire.jpg,https://upload.wikimedia.org/wikipedia/commons/a/a2/Blue_Emperor._Anax_Imperator._-_Flickr_-_gailhampshire.jpg?utm_source=commons.wikimedia.org&utm_campaign=imageinfo&utm_content=original,https://upload.wikimedia.org/wikipedia/commons/a/a2/Blue_Emperor._Anax_Imperator._-_Flickr_-_gailhampshire.jpg?utm_source=commons.wikimedia.org&utm_campaign=imageinfo&utm_content=thumbnail_unscaled,2026-09-07,780,696,fe7d9e93ff11fad1e3f364c28eba834115762a39f4a37b70b275eb43a82fa75c,Wikimedia server thumbnail; no local pixel editing
experiments/data/raw/dragonfly/49977461.jpg,dragonfly,File:Blue Emperor. Anax imperator - Flickr - gailhampshire.jpg,"gailhampshire from Cradley, Malvern, U.K",CC BY 2.0,https://creativecommons.org/licenses/by/2.0,https://commons.wikimedia.org/wiki/File:Blue_Emperor._Anax_imperator_-_Flickr_-_gailhampshire.jpg,https://upload.wikimedia.org/wikipedia/commons/4/43/Blue_Emperor._Anax_imperator_-_Flickr_-_gailhampshire.jpg?utm_source=commons.wikimedia.org&utm_campaign=imageinfo&utm_content=original,https://thumb.wikimedia.org/wikipedia/commons/thumb/4/43/Blue_Emperor._Anax_imperator_-_Flickr_-_gailhampshire.jpg/960px-Blue_Emperor._Anax_imperator_-_Flickr_-_gailhampshire.jpg?utm_source=commons.wikimedia.org&utm_campaign=imageinfo&utm_content=thumbnail,2026-09-07,960,760,2b7122d33b716b2194e65cc784411a6e6ac3c8715bb8906875ee9ec8125e872b,Wikimedia server thumbnail; no local pixel editing
experiments/data/raw/dragonfly/58203493.jpg,dragonfly,File:Anax imperator 019618-2.jpg,Alandmanson,CC BY-SA 4.0,https://creativecommons.org/licenses/by-sa/4.0,https://commons.wikimedia.org/wiki/File:Anax_imperator_019618-2.jpg,https://upload.wikimedia.org/wikipedia/commons/4/44/Anax_imperator_019618-2.jpg?utm_source=commons.wikimedia.org&utm_campaign=imageinfo&utm_content=original,https://thumb.wikimedia.org/wikipedia/commons/thumb/4/44/Anax_imperator_019618-2.jpg/960px-Anax_imperator_019618-2.jpg?utm_source=commons.wikimedia.org&utm_campaign=imageinfo&utm_content=thumbnail,2026-09-07,960,527,af60638834b01fceb384a65b79418402c43ca483d88c9bfe4cad262d1899f529,Wikimedia server thumbnail; no local pixel editing
experiments/data/raw/dragonfly/113141462.jpg,dragonfly,File:Anax imperator 9.jpg,ThedimitrijaS,CC BY-SA 4.0,https://creativecommons.org/licenses/by-sa/4.0,https://commons.wikimedia.org/wiki/File:Anax_imperator_9.jpg,https://upload.wikimedia.org/wikipedia/commons/6/6a/Anax_imperator_9.jpg?utm_source=commons.wikimedia.org&utm_campaign=imageinfo&utm_content=original,https://thumb.wikimedia.org/wikipedia/commons/thumb/6/6a/Anax_imperator_9.jpg/960px-Anax_imperator_9.jpg?utm_source=commons.wikimedia.org&utm_campaign=imageinfo&utm_content=thumbnail,2026-09-07,960,640,5d18b5a324f7d3e6ca2fdee1545ac8c75419d6c54437c2e8d02578c7cd79938b,Wikimedia server thumbnail; no local pixel editing
experiments/data/raw/dragonfly/113143673.jpg,dragonfly,File:Anax imperator 7.jpg,Milanilic53,CC BY-SA 4.0,https://creativecommons.org/licenses/by-sa/4.0,https://commons.wikimedia.org/wiki/File:Anax_imperator_7.jpg,https://upload.wikimedia.org/wikipedia/commons/8/83/Anax_imperator_7.jpg?utm_source=commons.wikimedia.org&utm_campaign=imageinfo&utm_content=original,https://thumb.wikimedia.org/wikipedia/commons/thumb/8/83/Anax_imperator_7.jpg/960px-Anax_imperator_7.jpg?utm_source=commons.wikimedia.org&utm_campaign=imageinfo&utm_content=thumbnail,2026-09-07,960,640,e917895da7b57f7e96e0da0491dce2bfd1ce987b9d57b6cf71342d49ac83948a,Wikimedia server thumbnail; no local pixel editing
experiments/data/raw/dragonfly/68641674.jpg,dragonfly,File:Blue Emperor. Anax Imperator (30587411864).jpg,"gailhampshire from Cradley, Malvern, U.K",CC BY 2.0,https://creativecommons.org/licenses/by/2.0,https://commons.wikimedia.org/wiki/File:Blue_Emperor._Anax_Imperator_(30587411864).jpg,https://upload.wikimedia.org/wikipedia/commons/a/aa/Blue_Emperor._Anax_Imperator_%2830587411864%29.jpg?utm_source=commons.wikimedia.org&utm_campaign=imageinfo&utm_content=original,https://thumb.wikimedia.org/wikipedia/commons/thumb/a/aa/Blue_Emperor._Anax_Imperator_%2830587411864%29.jpg/960px-Blue_Emperor._Anax_Imperator_%2830587411864%29.jpg?utm_source=commons.wikimedia.org&utm_campaign=imageinfo&utm_content=thumbnail,2026-09-07,960,926,65f3255ce48ae134e68bb731c4bf1a422d5d77a2314f8ea61ec0d4d805042fdb,Wikimedia server thumbnail; no local pixel editing
experiments/data/raw/dragonfly/49199500.jpg,dragonfly,File:Anax imperator ymerawdwr.jpg,Alun Williams333,CC BY-SA 4.0,https://creativecommons.org/licenses/by-sa/4.0,https://commons.wikimedia.org/wiki/File:Anax_imperator_ymerawdwr.jpg,https://upload.wikimedia.org/wikipedia/commons/4/4a/Anax_imperator_ymerawdwr.jpg?utm_source=commons.wikimedia.org&utm_campaign=imageinfo&utm_content=original,https://thumb.wikimedia.org/wikipedia/commons/thumb/4/4a/Anax_imperator_ymerawdwr.jpg/960px-Anax_imperator_ymerawdwr.jpg?utm_source=commons.wikimedia.org&utm_campaign=imageinfo&utm_content=thumbnail,2026-09-07,960,848,290e99fac98c50edcad80a063395881ab94cb57f5ef542d9c35c604f694295da,Wikimedia server thumbnail; no local pixel editing
experiments/data/raw/dragonfly/14863998.jpg,dragonfly,File:Anax imperator qtl4.jpg,Quartl,CC BY-SA 3.0,https://creativecommons.org/licenses/by-sa/3.0,https://commons.wikimedia.org/wiki/File:Anax_imperator_qtl4.jpg,https://upload.wikimedia.org/wikipedia/commons/8/8e/Anax_imperator_qtl4.jpg?utm_source=commons.wikimedia.org&utm_campaign=imageinfo&utm_content=original,https://thumb.wikimedia.org/wikipedia/commons/thumb/8/8e/Anax_imperator_qtl4.jpg/960px-Anax_imperator_qtl4.jpg?utm_source=commons.wikimedia.org&utm_campaign=imageinfo&utm_content=thumbnail,2026-09-07,960,1118,80ca17ab58532bb35da8522c1af92d8f1bdc42e1868e31f2a534b8bd80f745c5,Wikimedia server thumbnail; no local pixel editing
experiments/data/raw/ladybird/835917.jpg,ladybird,File:Coccinella septempunctata Luc Viatour.JPG,Luc Viatour,CC BY-SA 3.0,http://creativecommons.org/licenses/by-sa/3.0/,https://commons.wikimedia.org/wiki/File:Coccinella_septempunctata_Luc_Viatour.JPG,https://upload.wikimedia.org/wikipedia/commons/7/77/Coccinella_septempunctata_Luc_Viatour.JPG?utm_source=commons.wikimedia.org&utm_campaign=imageinfo&utm_content=original,https://thumb.wikimedia.org/wikipedia/commons/thumb/7/77/Coccinella_septempunctata_Luc_Viatour.JPG/960px-Coccinella_septempunctata_Luc_Viatour.JPG?utm_source=commons.wikimedia.org&utm_campaign=imageinfo&utm_content=thumbnail,2026-09-07,960,638,5eadb63bee37fe6feda2992b2797b5633a911327f5feb522864bd41b47e4a8a5,Wikimedia server thumbnail; no local pixel editing
experiments/data/raw/ladybird/726474.jpg,ladybird,File:Coccinella septempunctata couple (aka).jpg,André Karwath aka Aka,CC BY-SA 2.5,https://creativecommons.org/licenses/by-sa/2.5,https://commons.wikimedia.org/wiki/File:Coccinella_septempunctata_couple_(aka).jpg,https://upload.wikimedia.org/wikipedia/commons/b/bc/Coccinella_septempunctata_couple_%28aka%29.jpg?utm_source=commons.wikimedia.org&utm_campaign=imageinfo&utm_content=original,https://thumb.wikimedia.org/wikipedia/commons/thumb/b/bc/Coccinella_septempunctata_couple_%28aka%29.jpg/960px-Coccinella_septempunctata_couple_%28aka%29.jpg?utm_source=commons.wikimedia.org&utm_campaign=imageinfo&utm_content=thumbnail,2026-09-07,960,597,e353b5f4de394a1d9468d59351b1c64bd10d43e595ac20e7431a131b451d9734,Wikimedia server thumbnail; no local pixel editing
experiments/data/raw/ladybird/105276714.jpg,ladybird,"File:Siebenpunkt-Marienkäfer (Coccinella septempunctata) auf Blüte im FFH-Gebiet ""Viernheimer Waldheide und angrenzende Flächen"".jpg",Stephan Sprinz,CC BY 4.0,https://creativecommons.org/licenses/by/4.0,https://commons.wikimedia.org/wiki/File:Siebenpunkt-Marienk%C3%A4fer_(Coccinella_septempunctata)_auf_Bl%C3%BCte_im_FFH-Gebiet_%22Viernheimer_Waldheide_und_angrenzende_Fl%C3%A4chen%22.jpg,https://upload.wikimedia.org/wikipedia/commons/1/1f/Siebenpunkt-Marienk%C3%A4fer_%28Coccinella_septempunctata%29_auf_Bl%C3%BCte_im_FFH-Gebiet_%22Viernheimer_Waldheide_und_angrenzende_Fl%C3%A4chen%22.jpg?utm_source=commons.wikimedia.org&utm_campaign=imageinfo&utm_content=original,https://thumb.wikimedia.org/wikipedia/commons/thumb/1/1f/Siebenpunkt-Marienk%C3%A4fer_%28Coccinella_septempunctata%29_auf_Bl%C3%BCte_im_FFH-Gebiet_%22Viernheimer_Waldheide_und_angrenzende_Fl%C3%A4chen%22.jpg/960px-Siebenpunkt-Marienk%C3%A4fer_%28Coccinella_septempunctata%29_auf_Bl%C3%BCte_im_FFH-Gebiet_%22Viernheimer_Waldheide_und_angrenzende_Fl%C3%A4chen%22.jpg?utm_source=commons.wikimedia.org&utm_campaign=imageinfo&utm_content=thumbnail,2026-09-07,960,640,fb937b8ad670c73c77d5192bc2f310ef65a045a0ef7fca264a8ade3d81d93802,Wikimedia server thumbnail; no local pixel editing
experiments/data/raw/ladybird/8292482.jpg,ladybird,File:P1170487 Coccinella septempunctata.jpg,Darius Baužys,CC BY 3.0,https://creativecommons.org/licenses/by/3.0,https://commons.wikimedia.org/wiki/File:P1170487_Coccinella_septempunctata.jpg,https://upload.wikimedia.org/wikipedia/commons/9/9d/P1170487_Coccinella_septempunctata.jpg?utm_source=commons.wikimedia.org&utm_campaign=imageinfo&utm_content=original,https://thumb.wikimedia.org/wikipedia/commons/thumb/9/9d/P1170487_Coccinella_septempunctata.jpg/960px-P1170487_Coccinella_septempunctata.jpg?utm_source=commons.wikimedia.org&utm_campaign=imageinfo&utm_content=thumbnail,2026-09-07,960,720,582c446ca65dc96d93c4bf14a2cdab456f96ea745be6390ee5486e8d19cc7c27,Wikimedia server thumbnail; no local pixel editing
experiments/data/raw/ladybird/11372926.jpg,ladybird,File:Seven-spotted ladybug (Coccinella septempunctata).jpg,Trachemys,CC BY-SA 3.0,https://creativecommons.org/licenses/by-sa/3.0,https://commons.wikimedia.org/wiki/File:Seven-spotted_ladybug_(Coccinella_septempunctata).jpg,https://upload.wikimedia.org/wikipedia/commons/1/1e/Seven-spotted_ladybug_%28Coccinella_septempunctata%29.jpg?utm_source=commons.wikimedia.org&utm_campaign=imageinfo&utm_content=original,https://thumb.wikimedia.org/wikipedia/commons/thumb/1/1e/Seven-spotted_ladybug_%28Coccinella_septempunctata%29.jpg/960px-Seven-spotted_ladybug_%28Coccinella_septempunctata%29.jpg?utm_source=commons.wikimedia.org&utm_campaign=imageinfo&utm_content=thumbnail,2026-09-07,960,609,b02e298cd6372055c48e337a837d5d0ea5bc53c787627c45344b9e41290d74cb,Wikimedia server thumbnail; no local pixel editing
experiments/data/raw/ladybird/158205741.jpg,ladybird,File:20220623 Coccinella septempunctata.jpg,Flocci Nivis,CC BY 4.0,https://creativecommons.org/licenses/by/4.0,https://commons.wikimedia.org/wiki/File:20220623_Coccinella_septempunctata.jpg,https://upload.wikimedia.org/wikipedia/commons/9/9b/20220623_Coccinella_septempunctata.jpg?utm_source=commons.wikimedia.org&utm_campaign=imageinfo&utm_content=original,https://thumb.wikimedia.org/wikipedia/commons/thumb/9/9b/20220623_Coccinella_septempunctata.jpg/960px-20220623_Coccinella_septempunctata.jpg?utm_source=commons.wikimedia.org&utm_campaign=imageinfo&utm_content=thumbnail,2026-09-07,960,641,a5b610ef77dfa726c40511ae286f3d0ba3fc4b01eeaf0d5b5e100a65050d6fa0,Wikimedia server thumbnail; no local pixel editing
experiments/data/raw/ladybird/41863715.jpg,ladybird,File:Seven Spotted-Ladybug - Coccinella septempunctata.jpg,Zeynel Cebeci,CC BY-SA 4.0,https://creativecommons.org/licenses/by-sa/4.0,https://commons.wikimedia.org/wiki/File:Seven_Spotted-Ladybug_-_Coccinella_septempunctata.jpg,https://upload.wikimedia.org/wikipedia/commons/4/42/Seven_Spotted-Ladybug_-_Coccinella_septempunctata.jpg?utm_source=commons.wikimedia.org&utm_campaign=imageinfo&utm_content=original,https://thumb.wikimedia.org/wikipedia/commons/thumb/4/42/Seven_Spotted-Ladybug_-_Coccinella_septempunctata.jpg/960px-Seven_Spotted-Ladybug_-_Coccinella_septempunctata.jpg?utm_source=commons.wikimedia.org&utm_campaign=imageinfo&utm_content=thumbnail,2026-09-07,960,703,831033312c58067c4ebf9188bf8288b7b4a7b30ec096dc2c0935c0abd01bb44c,Wikimedia server thumbnail; no local pixel editing
experiments/data/raw/ladybird/104734074.jpg,ladybird,File:20210409 Coccinella septempunctata 01.jpg,Flocci Nivis,CC BY 4.0,https://creativecommons.org/licenses/by/4.0,https://commons.wikimedia.org/wiki/File:20210409_Coccinella_septempunctata_01.jpg,https://upload.wikimedia.org/wikipedia/commons/9/94/20210409_Coccinella_septempunctata_01.jpg?utm_source=commons.wikimedia.org&utm_campaign=imageinfo&utm_content=original,https://thumb.wikimedia.org/wikipedia/commons/thumb/9/94/20210409_Coccinella_septempunctata_01.jpg/960px-20210409_Coccinella_septempunctata_01.jpg?utm_source=commons.wikimedia.org&utm_campaign=imageinfo&utm_content=thumbnail,2026-09-07,960,642,f9c44cf7562461192688f41586795ced6f29484afd6ae74c01ad743b8275f9c0,Wikimedia server thumbnail; no local pixel editing
experiments/data/raw/ladybird/15002685.jpg,ladybird,File:Coccinella septempunctata qtl1.jpg,Quartl,CC BY-SA 3.0,https://creativecommons.org/licenses/by-sa/3.0,https://commons.wikimedia.org/wiki/File:Coccinella_septempunctata_qtl1.jpg,https://upload.wikimedia.org/wikipedia/commons/e/e4/Coccinella_septempunctata_qtl1.jpg?utm_source=commons.wikimedia.org&utm_campaign=imageinfo&utm_content=original,https://thumb.wikimedia.org/wikipedia/commons/thumb/e/e4/Coccinella_septempunctata_qtl1.jpg/960px-Coccinella_septempunctata_qtl1.jpg?utm_source=commons.wikimedia.org&utm_campaign=imageinfo&utm_content=thumbnail,2026-09-07,960,890,5fec779e188dd5f35f5ed7bd65ba4322067859fe97edae23cbdc7226ca9be478,Wikimedia server thumbnail; no local pixel editing
experiments/data/raw/ladybird/50718743.jpg,ladybird,File:Coccinella septempunctata - Flickr - S. Rae (3).jpg,"S. Rae from Scotland, UK",CC BY 2.0,https://creativecommons.org/licenses/by/2.0,https://commons.wikimedia.org/wiki/File:Coccinella_septempunctata_-_Flickr_-_S._Rae_(3).jpg,https://upload.wikimedia.org/wikipedia/commons/a/ad/Coccinella_septempunctata_-_Flickr_-_S._Rae_%283%29.jpg?utm_source=commons.wikimedia.org&utm_campaign=imageinfo&utm_content=original,https://thumb.wikimedia.org/wikipedia/commons/thumb/a/ad/Coccinella_septempunctata_-_Flickr_-_S._Rae_%283%29.jpg/960px-Coccinella_septempunctata_-_Flickr_-_S._Rae_%283%29.jpg?utm_source=commons.wikimedia.org&utm_campaign=imageinfo&utm_content=thumbnail,2026-09-07,960,926,fe3c450a4e2692dc26707a3682b05eee456658f9475cf75dc6f838b5c27041b8,Wikimedia server thumbnail; no local pixel editing
experiments/data/raw/ladybird/18929297.jpg,ladybird,File:Coccinella septempunctata at Bank Hall Bretherton.jpg,Bankhallbretherton (talk),CC BY-SA 3.0,https://creativecommons.org/licenses/by-sa/3.0,https://commons.wikimedia.org/wiki/File:Coccinella_septempunctata_at_Bank_Hall_Bretherton.jpg,https://upload.wikimedia.org/wikipedia/commons/2/21/Coccinella_septempunctata_at_Bank_Hall_Bretherton.jpg?utm_source=commons.wikimedia.org&utm_campaign=imageinfo&utm_content=original,https://upload.wikimedia.org/wikipedia/commons/2/21/Coccinella_septempunctata_at_Bank_Hall_Bretherton.jpg?utm_source=commons.wikimedia.org&utm_campaign=imageinfo&utm_content=thumbnail_unscaled,2026-09-07,640,480,011aacda39fdb373fefd8e651356e6042a53cb532a933a8e2c4d071da14c3adb,Wikimedia server thumbnail; no local pixel editing
experiments/data/raw/ladybird/25147915.jpg,ladybird,File:Coccinella septempunctata (5064585740).jpg,OliBac from FRANCE,CC BY 2.0,https://creativecommons.org/licenses/by/2.0,https://commons.wikimedia.org/wiki/File:Coccinella_septempunctata_(5064585740).jpg,https://upload.wikimedia.org/wikipedia/commons/3/36/Coccinella_septempunctata_%285064585740%29.jpg?utm_source=commons.wikimedia.org&utm_campaign=imageinfo&utm_content=original,https://thumb.wikimedia.org/wikipedia/commons/thumb/3/36/Coccinella_septempunctata_%285064585740%29.jpg/960px-Coccinella_septempunctata_%285064585740%29.jpg?utm_source=commons.wikimedia.org&utm_campaign=imageinfo&utm_content=thumbnail,2026-09-07,960,540,6405a297c8852ed5342c0ed3111b01851a5b11edfb9b7fa284b60ab3dd2d2c3a,Wikimedia server thumbnail; no local pixel editing
experiments/data/raw/ladybird/27752345.jpg,ladybird,"File:Coccinella septempunctata, Sandy, Bedfordshire (7183427178).jpg","Orangeaurochs from Sandy, Bedfordshire, United Kingdom",CC BY 2.0,https://creativecommons.org/licenses/by/2.0,"https://commons.wikimedia.org/wiki/File:Coccinella_septempunctata,_Sandy,_Bedfordshire_(7183427178).jpg",https://upload.wikimedia.org/wikipedia/commons/e/e7/Coccinella_septempunctata%2C_Sandy%2C_Bedfordshire_%287183427178%29.jpg?utm_source=commons.wikimedia.org&utm_campaign=imageinfo&utm_content=original,https://upload.wikimedia.org/wikipedia/commons/e/e7/Coccinella_septempunctata%2C_Sandy%2C_Bedfordshire_%287183427178%29.jpg?utm_source=commons.wikimedia.org&utm_campaign=imageinfo&utm_content=thumbnail_unscaled,2026-09-07,705,690,bde97f24a1b025a1a51cb6dafac06f3b4a3423ffd6a046a10b92cd8b3080e44d,Wikimedia server thumbnail; no local pixel editing
experiments/data/raw/ladybird/75305511.jpg,ladybird,File:Coccinella septempunctata (17017111252).jpg,"Peter O'Connor aka anemoneprojectors from Stevenage, United Kingdom",CC BY-SA 2.0,https://creativecommons.org/licenses/by-sa/2.0,https://commons.wikimedia.org/wiki/File:Coccinella_septempunctata_(17017111252).jpg,https://upload.wikimedia.org/wikipedia/commons/c/c4/Coccinella_septempunctata_%2817017111252%29.jpg?utm_source=commons.wikimedia.org&utm_campaign=imageinfo&utm_content=original,https://thumb.wikimedia.org/wikipedia/commons/thumb/c/c4/Coccinella_septempunctata_%2817017111252%29.jpg/960px-Coccinella_septempunctata_%2817017111252%29.jpg?utm_source=commons.wikimedia.org&utm_campaign=imageinfo&utm_content=thumbnail,2026-09-07,960,720,f1d7b35c402eeb019ac6c4cffbca8e56c3856f56f45833cd499d1453b72409d1,Wikimedia server thumbnail; no local pixel editing
experiments/data/raw/ladybird/48913362.jpg,ladybird,"File:Coccinella septempunctata, Sandy, Bedfordshire (14085760283).jpg","Orangeaurochs from Sandy, Bedfordshire, United Kingdom",CC BY 2.0,https://creativecommons.org/licenses/by/2.0,"https://commons.wikimedia.org/wiki/File:Coccinella_septempunctata,_Sandy,_Bedfordshire_(14085760283).jpg",https://upload.wikimedia.org/wikipedia/commons/a/a9/Coccinella_septempunctata%2C_Sandy%2C_Bedfordshire_%2814085760283%29.jpg?utm_source=commons.wikimedia.org&utm_campaign=imageinfo&utm_content=original,https://thumb.wikimedia.org/wikipedia/commons/thumb/a/a9/Coccinella_septempunctata%2C_Sandy%2C_Bedfordshire_%2814085760283%29.jpg/960px-Coccinella_septempunctata%2C_Sandy%2C_Bedfordshire_%2814085760283%29.jpg?utm_source=commons.wikimedia.org&utm_campaign=imageinfo&utm_content=thumbnail,2026-09-07,960,960,95859c946e8d094afc31cb6c5d04ff4b66af11058e645530cca33e902f4406c1,Wikimedia server thumbnail; no local pixel editing
experiments/data/raw/ladybird/71591396.jpg,ladybird,File:Coccinella septempunctata TP02.jpg,Tobias 67,CC BY-SA 4.0,https://creativecommons.org/licenses/by-sa/4.0,https://commons.wikimedia.org/wiki/File:Coccinella_septempunctata_TP02.jpg,https://upload.wikimedia.org/wikipedia/commons/3/3b/Coccinella_septempunctata_TP02.jpg?utm_source=commons.wikimedia.org&utm_campaign=imageinfo&utm_content=original,https://thumb.wikimedia.org/wikipedia/commons/thumb/3/3b/Coccinella_septempunctata_TP02.jpg/960px-Coccinella_septempunctata_TP02.jpg?utm_source=commons.wikimedia.org&utm_campaign=imageinfo&utm_content=thumbnail,2026-09-07,960,602,8be2752645e58736b0d0e066a24770b9714a55d46178615403ae78bf24e3e9f0,Wikimedia server thumbnail; no local pixel editing
experiments/data/raw/ladybird/73305993.jpg,ladybird,File:Sevenspotted Ladybird (Coccinella septempunctata) (30948769958).jpg,Bernard DUPONT from FRANCE,CC BY-SA 2.0,https://creativecommons.org/licenses/by-sa/2.0,https://commons.wikimedia.org/wiki/File:Sevenspotted_Ladybird_(Coccinella_septempunctata)_(30948769958).jpg,https://upload.wikimedia.org/wikipedia/commons/d/da/Sevenspotted_Ladybird_%28Coccinella_septempunctata%29_%2830948769958%29.jpg?utm_source=commons.wikimedia.org&utm_campaign=imageinfo&utm_content=original,https://thumb.wikimedia.org/wikipedia/commons/thumb/d/da/Sevenspotted_Ladybird_%28Coccinella_septempunctata%29_%2830948769958%29.jpg/960px-Sevenspotted_Ladybird_%28Coccinella_septempunctata%29_%2830948769958%29.jpg?utm_source=commons.wikimedia.org&utm_campaign=imageinfo&utm_content=thumbnail,2026-09-07,960,1230,8f820df08fb01e84db317a1ebaca0f7e2dcc4a4f90f87edc964e9e4fe2d9d900,Wikimedia server thumbnail; no local pixel editing
experiments/data/raw/ladybird/183710974.jpg,ladybird,"File:Siebenpunkt-Marienkaefer, coccinella septempunctata 2.jpg",Bernd Trommer,CC BY 4.0,https://creativecommons.org/licenses/by/4.0,"https://commons.wikimedia.org/wiki/File:Siebenpunkt-Marienkaefer,_coccinella_septempunctata_2.jpg",https://upload.wikimedia.org/wikipedia/commons/3/37/Siebenpunkt-Marienkaefer%2C_coccinella_septempunctata_2.jpg?utm_source=commons.wikimedia.org&utm_campaign=imageinfo&utm_content=original,https://thumb.wikimedia.org/wikipedia/commons/thumb/3/37/Siebenpunkt-Marienkaefer%2C_coccinella_septempunctata_2.jpg/960px-Siebenpunkt-Marienkaefer%2C_coccinella_septempunctata_2.jpg?utm_source=commons.wikimedia.org&utm_campaign=imageinfo&utm_content=thumbnail,2026-09-07,960,960,d3a8cd905859fce3054dd575ad45f34c0a92bacbbf47b492bca2fe579ba67538,Wikimedia server thumbnail; no local pixel editing
experiments/data/raw/ladybird/103694883.jpg,ladybird,File:Coccinella septempunctata 2021-03-31 5136.jpg,Salicyna,CC BY-SA 4.0,https://creativecommons.org/licenses/by-sa/4.0,https://commons.wikimedia.org/wiki/File:Coccinella_septempunctata_2021-03-31_5136.jpg,https://upload.wikimedia.org/wikipedia/commons/9/95/Coccinella_septempunctata_2021-03-31_5136.jpg?utm_source=commons.wikimedia.org&utm_campaign=imageinfo&utm_content=original,https://thumb.wikimedia.org/wikipedia/commons/thumb/9/95/Coccinella_septempunctata_2021-03-31_5136.jpg/960px-Coccinella_septempunctata_2021-03-31_5136.jpg?utm_source=commons.wikimedia.org&utm_campaign=imageinfo&utm_content=thumbnail,2026-09-07,960,720,2f311827f15ba9d952441109c87a369c3e864e1eee9819c7894cb74a19c8deaf,Wikimedia server thumbnail; no local pixel editing
experiments/data/raw/ladybird/57417203.jpg,ladybird,File:Coccinella septempunctata Ladybird PiotrCzekala 02.jpg,Piotr T. Czekala,CC BY-SA 4.0,https://creativecommons.org/licenses/by-sa/4.0,https://commons.wikimedia.org/wiki/File:Coccinella_septempunctata_Ladybird_PiotrCzekala_02.jpg,https://upload.wikimedia.org/wikipedia/commons/a/af/Coccinella_septempunctata_Ladybird_PiotrCzekala_02.jpg?utm_source=commons.wikimedia.org&utm_campaign=imageinfo&utm_content=original,https://thumb.wikimedia.org/wikipedia/commons/thumb/a/af/Coccinella_septempunctata_Ladybird_PiotrCzekala_02.jpg/960px-Coccinella_septempunctata_Ladybird_PiotrCzekala_02.jpg?utm_source=commons.wikimedia.org&utm_campaign=imageinfo&utm_content=thumbnail,2026-09-07,960,640,73a8fc1adf891c8d1c90e89c4aca985ea69378f7c2b75b275a34dd737ea169e9,Wikimedia server thumbnail; no local pixel editing
experiments/data/raw/ladybird/16425755.jpg,ladybird,File:Coccinella septempunctata 7809.JPG,Walter Siegmund (talk),CC BY-SA 3.0,https://creativecommons.org/licenses/by-sa/3.0,https://commons.wikimedia.org/wiki/File:Coccinella_septempunctata_7809.JPG,https://upload.wikimedia.org/wikipedia/commons/6/63/Coccinella_septempunctata_7809.JPG?utm_source=commons.wikimedia.org&utm_campaign=imageinfo&utm_content=original,https://thumb.wikimedia.org/wikipedia/commons/thumb/6/63/Coccinella_septempunctata_7809.JPG/960px-Coccinella_septempunctata_7809.JPG?utm_source=commons.wikimedia.org&utm_campaign=imageinfo&utm_content=thumbnail,2026-09-07,960,640,5e393b1695281cd01d8a9d528faf9e84da28c3d18f3e2dff5dbc779236035ff3,Wikimedia server thumbnail; no local pixel editing
experiments/data/raw/ladybird/188138553.jpg,ladybird,File:Coccinella septempunctata on Cirsium vulgare 2010-08-02 HPB.jpg,Helge Busch-Paulick,CC BY-SA 3.0 de,https://creativecommons.org/licenses/by-sa/3.0/de/deed.en,https://commons.wikimedia.org/wiki/File:Coccinella_septempunctata_on_Cirsium_vulgare_2010-08-02_HPB.jpg,https://upload.wikimedia.org/wikipedia/commons/7/74/Coccinella_septempunctata_on_Cirsium_vulgare_2010-08-02_HPB.jpg?utm_source=commons.wikimedia.org&utm_campaign=imageinfo&utm_content=original,https://thumb.wikimedia.org/wikipedia/commons/thumb/7/74/Coccinella_septempunctata_on_Cirsium_vulgare_2010-08-02_HPB.jpg/960px-Coccinella_septempunctata_on_Cirsium_vulgare_2010-08-02_HPB.jpg?utm_source=commons.wikimedia.org&utm_campaign=imageinfo&utm_content=thumbnail,2026-09-07,960,720,2a48b9022bb400362f559992aa2093db987abbbac95b967ad7ba122ef9468cdc,Wikimedia server thumbnail; no local pixel editing
experiments/data/raw/ladybird/109182323.jpg,ladybird,"File:Coccinella septempunctata, Nea Makri, Greece.jpg",Anna N Chapman,CC0,http://creativecommons.org/publicdomain/zero/1.0/deed.en,"https://commons.wikimedia.org/wiki/File:Coccinella_septempunctata,_Nea_Makri,_Greece.jpg",https://upload.wikimedia.org/wikipedia/commons/1/15/Coccinella_septempunctata%2C_Nea_Makri%2C_Greece.jpg?utm_source=commons.wikimedia.org&utm_campaign=imageinfo&utm_content=original,https://upload.wikimedia.org/wikipedia/commons/1/15/Coccinella_septempunctata%2C_Nea_Makri%2C_Greece.jpg?utm_source=commons.wikimedia.org&utm_campaign=imageinfo&utm_content=thumbnail_unscaled,2026-09-07,800,702,58417efec7c0877ed1cb2c726b0bc7370229c9ae81b6722cd35dd89a64814091,Wikimedia server thumbnail; no local pixel editing
experiments/data/raw/ladybird/25147920.jpg,ladybird,File:Coccinella septempunctata (5492058104).jpg,OliBac from FRANCE,CC BY 2.0,https://creativecommons.org/licenses/by/2.0,https://commons.wikimedia.org/wiki/File:Coccinella_septempunctata_(5492058104).jpg,https://upload.wikimedia.org/wikipedia/commons/0/02/Coccinella_septempunctata_%285492058104%29.jpg?utm_source=commons.wikimedia.org&utm_campaign=imageinfo&utm_content=original,https://thumb.wikimedia.org/wikipedia/commons/thumb/0/02/Coccinella_septempunctata_%285492058104%29.jpg/960px-Coccinella_septempunctata_%285492058104%29.jpg?utm_source=commons.wikimedia.org&utm_campaign=imageinfo&utm_content=thumbnail,2026-09-07,960,960,91dd7d236eff0b273db71383bcd453d69152533b2d592d42f404e3dc35d65eb9,Wikimedia server thumbnail; no local pixel editing
experiments/data/raw/ladybird/92158501.jpg,ladybird,File:Noordwijk - Zevenstippelig lieveheersbeestje (Coccinella septempunctata).jpg,Rudolphous,CC BY-SA 4.0,https://creativecommons.org/licenses/by-sa/4.0,https://commons.wikimedia.org/wiki/File:Noordwijk_-_Zevenstippelig_lieveheersbeestje_(Coccinella_septempunctata).jpg,https://upload.wikimedia.org/wikipedia/commons/4/47/Noordwijk_-_Zevenstippelig_lieveheersbeestje_%28Coccinella_septempunctata%29.jpg?utm_source=commons.wikimedia.org&utm_campaign=imageinfo&utm_content=original,https://thumb.wikimedia.org/wikipedia/commons/thumb/4/47/Noordwijk_-_Zevenstippelig_lieveheersbeestje_%28Coccinella_septempunctata%29.jpg/960px-Noordwijk_-_Zevenstippelig_lieveheersbeestje_%28Coccinella_septempunctata%29.jpg?utm_source=commons.wikimedia.org&utm_campaign=imageinfo&utm_content=thumbnail,2026-09-07,960,720,8d43341be21b356951f5bc8a2705fd484dc299f2a5c3dc13386c982dc48ef44e,Wikimedia server thumbnail; no local pixel editing
experiments/data/raw/ladybird/62858669.jpg,ladybird,File:Coccinella-septempunctata-05-fws.jpg,Francisco Welter-Schultes,CC0,http://creativecommons.org/publicdomain/zero/1.0/deed.en,https://commons.wikimedia.org/wiki/File:Coccinella-septempunctata-05-fws.jpg,https://upload.wikimedia.org/wikipedia/commons/8/80/Coccinella-septempunctata-05-fws.jpg?utm_source=commons.wikimedia.org&utm_campaign=imageinfo&utm_content=original,https://thumb.wikimedia.org/wikipedia/commons/thumb/8/80/Coccinella-septempunctata-05-fws.jpg/960px-Coccinella-septempunctata-05-fws.jpg?utm_source=commons.wikimedia.org&utm_campaign=imageinfo&utm_content=thumbnail,2026-09-07,960,663,316b47dabfbff2afe55f95c667a087a35d2839980b73f4cd8d9091e49736eb43,Wikimedia server thumbnail; no local pixel editing
experiments/data/raw/ladybird/75763394.jpg,ladybird,File:Coccinella-septempunctata-10-fws.jpg,Francisco Welter-Schultes,CC0,http://creativecommons.org/publicdomain/zero/1.0/deed.en,https://commons.wikimedia.org/wiki/File:Coccinella-septempunctata-10-fws.jpg,https://upload.wikimedia.org/wikipedia/commons/7/7c/Coccinella-septempunctata-10-fws.jpg?utm_source=commons.wikimedia.org&utm_campaign=imageinfo&utm_content=original,https://upload.wikimedia.org/wikipedia/commons/7/7c/Coccinella-septempunctata-10-fws.jpg?utm_source=commons.wikimedia.org&utm_campaign=imageinfo&utm_content=thumbnail_unscaled,2026-09-07,900,648,842b621d97ac50521acd4d06a16f74a8a32ed86ff85cd33151812e0a29d85de6,Wikimedia server thumbnail; no local pixel editing
experiments/data/raw/ladybird/185666756.jpg,ladybird,File:Coccinella septempunctata 03.2026 (2).jpg,DidierFy,CC BY-SA 4.0,https://creativecommons.org/licenses/by-sa/4.0,https://commons.wikimedia.org/wiki/File:Coccinella_septempunctata_03.2026_(2).jpg,https://upload.wikimedia.org/wikipedia/commons/b/bc/Coccinella_septempunctata_03.2026_%282%29.jpg?utm_source=commons.wikimedia.org&utm_campaign=imageinfo&utm_content=original,https://thumb.wikimedia.org/wikipedia/commons/thumb/b/bc/Coccinella_septempunctata_03.2026_%282%29.jpg/960px-Coccinella_septempunctata_03.2026_%282%29.jpg?utm_source=commons.wikimedia.org&utm_campaign=imageinfo&utm_content=thumbnail,2026-09-07,960,1280,c96ea3a26709a4ae6c2919ae5240e6fb3086d17cdd0994cc4e27823429334202,Wikimedia server thumbnail; no local pixel editing
experiments/data/raw/ladybird/102323374.jpg,ladybird,File:Coccinella septempunctata 117254759.jpg,Cole Shoemaker,CC BY 4.0,https://creativecommons.org/licenses/by/4.0,https://commons.wikimedia.org/wiki/File:Coccinella_septempunctata_117254759.jpg,https://upload.wikimedia.org/wikipedia/commons/7/73/Coccinella_septempunctata_117254759.jpg?utm_source=commons.wikimedia.org&utm_campaign=imageinfo&utm_content=original,https://thumb.wikimedia.org/wikipedia/commons/thumb/7/73/Coccinella_septempunctata_117254759.jpg/960px-Coccinella_septempunctata_117254759.jpg?utm_source=commons.wikimedia.org&utm_campaign=imageinfo&utm_content=thumbnail,2026-09-07,960,720,0b4d4643a908ac7d249a84877436b3de73903258bb77b718aab1153f91397f7d,Wikimedia server thumbnail; no local pixel editing
experiments/data/raw/ladybird/103292898.jpg,ladybird,File:Coccinella-septempunctata-16-fws.jpg,Francisco Welter-Schultes,CC0,http://creativecommons.org/publicdomain/zero/1.0/deed.en,https://commons.wikimedia.org/wiki/File:Coccinella-septempunctata-16-fws.jpg,https://upload.wikimedia.org/wikipedia/commons/7/7d/Coccinella-septempunctata-16-fws.jpg?utm_source=commons.wikimedia.org&utm_campaign=imageinfo&utm_content=original,https://thumb.wikimedia.org/wikipedia/commons/thumb/7/7d/Coccinella-septempunctata-16-fws.jpg/960px-Coccinella-septempunctata-16-fws.jpg?utm_source=commons.wikimedia.org&utm_campaign=imageinfo&utm_content=thumbnail,2026-09-07,960,683,629915c8153a4015df5416c23f71ddc4f6ab348912271f8a0fac1e60986a52e7,Wikimedia server thumbnail; no local pixel editing
experiments/data/raw/ladybird/85680831.jpg,ladybird,File:Coccinella-septempunctata-12-fws.jpg,Francisco Welter-Schultes,CC0,http://creativecommons.org/publicdomain/zero/1.0/deed.en,https://commons.wikimedia.org/wiki/File:Coccinella-septempunctata-12-fws.jpg,https://upload.wikimedia.org/wikipedia/commons/6/63/Coccinella-septempunctata-12-fws.jpg?utm_source=commons.wikimedia.org&utm_campaign=imageinfo&utm_content=original,https://thumb.wikimedia.org/wikipedia/commons/thumb/6/63/Coccinella-septempunctata-12-fws.jpg/960px-Coccinella-septempunctata-12-fws.jpg?utm_source=commons.wikimedia.org&utm_campaign=imageinfo&utm_content=thumbnail,2026-09-07,960,725,b24a333e92de2d92986a58b3e0d4cead7d195a448da9af8bbbdc57917c40da0c,Wikimedia server thumbnail; no local pixel editing
experiments/data/raw/ladybird/93187249.jpg,ladybird,File:Noordwijk - Zevenstippelig lieveheersbeestje (Coccinella septempunctata) op blad.jpg,Rudolphous,CC BY-SA 4.0,https://creativecommons.org/licenses/by-sa/4.0,https://commons.wikimedia.org/wiki/File:Noordwijk_-_Zevenstippelig_lieveheersbeestje_(Coccinella_septempunctata)_op_blad.jpg,https://upload.wikimedia.org/wikipedia/commons/b/b8/Noordwijk_-_Zevenstippelig_lieveheersbeestje_%28Coccinella_septempunctata%29_op_blad.jpg?utm_source=commons.wikimedia.org&utm_campaign=imageinfo&utm_content=original,https://thumb.wikimedia.org/wikipedia/commons/thumb/b/b8/Noordwijk_-_Zevenstippelig_lieveheersbeestje_%28Coccinella_septempunctata%29_op_blad.jpg/960px-Noordwijk_-_Zevenstippelig_lieveheersbeestje_%28Coccinella_septempunctata%29_op_blad.jpg?utm_source=commons.wikimedia.org&utm_campaign=imageinfo&utm_content=thumbnail,2026-09-07,960,1280,df56cc66ad88bab6c60a757c395c442e2c242f4a432f8be907dbed7c520bec70,Wikimedia server thumbnail; no local pixel editing
experiments/data/raw/ladybird/117209749.jpg,ladybird,File:Coccinella septempunctata 189872785.jpg,Michel Langeveld,CC BY-SA 4.0,https://creativecommons.org/licenses/by-sa/4.0,https://commons.wikimedia.org/wiki/File:Coccinella_septempunctata_189872785.jpg,https://upload.wikimedia.org/wikipedia/commons/0/00/Coccinella_septempunctata_189872785.jpg?utm_source=commons.wikimedia.org&utm_campaign=imageinfo&utm_content=original,https://thumb.wikimedia.org/wikipedia/commons/thumb/0/00/Coccinella_septempunctata_189872785.jpg/960px-Coccinella_septempunctata_189872785.jpg?utm_source=commons.wikimedia.org&utm_campaign=imageinfo&utm_content=thumbnail,2026-09-07,960,640,cdc4d4e9eacc0f355c608d67f0bf773314b8887eb175d322225b2d2b5b9ac95b,Wikimedia server thumbnail; no local pixel editing
experiments/data/raw/ladybird/7898957.jpg,ladybird,"File:2009-09-26 (4) Beetle, Siebenpunkt, Coccinella septempunctata.JPG",Vera Buhl,CC BY-SA 3.0,https://creativecommons.org/licenses/by-sa/3.0,"https://commons.wikimedia.org/wiki/File:2009-09-26_(4)_Beetle,_Siebenpunkt,_Coccinella_septempunctata.JPG",https://upload.wikimedia.org/wikipedia/commons/7/7c/2009-09-26_%284%29_Beetle%2C_Siebenpunkt%2C_Coccinella_septempunctata.JPG?utm_source=commons.wikimedia.org&utm_campaign=imageinfo&utm_content=original,https://thumb.wikimedia.org/wikipedia/commons/thumb/7/7c/2009-09-26_%284%29_Beetle%2C_Siebenpunkt%2C_Coccinella_septempunctata.JPG/960px-2009-09-26_%284%29_Beetle%2C_Siebenpunkt%2C_Coccinella_septempunctata.JPG?utm_source=commons.wikimedia.org&utm_campaign=imageinfo&utm_content=thumbnail,2026-09-07,960,638,18139680166c03c643bfda11827c02a16afee70f927d8ed1ea3c6555cabc380d,Wikimedia server thumbnail; no local pixel editing
experiments/data/raw/ladybird/29068231.jpg,ladybird,File:Coccinella-septempunctata-07-fws.jpg,Francisco Welter-Schultes,CC0,http://creativecommons.org/publicdomain/zero/1.0/deed.en,https://commons.wikimedia.org/wiki/File:Coccinella-septempunctata-07-fws.jpg,https://upload.wikimedia.org/wikipedia/commons/3/3b/Coccinella-septempunctata-07-fws.jpg?utm_source=commons.wikimedia.org&utm_campaign=imageinfo&utm_content=original,https://thumb.wikimedia.org/wikipedia/commons/thumb/3/3b/Coccinella-septempunctata-07-fws.jpg/960px-Coccinella-septempunctata-07-fws.jpg?utm_source=commons.wikimedia.org&utm_campaign=imageinfo&utm_content=thumbnail,2026-09-07,960,743,990b362570ceebbdb599603c2cdc458d28084c608792010c893dba6c10b44ba6,Wikimedia server thumbnail; no local pixel editing
experiments/data/raw/ladybird/141938438.jpg,ladybird,File:Coccinella septempunctata in Aveyron (1).jpg,Tournasol7,CC BY-SA 4.0,https://creativecommons.org/licenses/by-sa/4.0,https://commons.wikimedia.org/wiki/File:Coccinella_septempunctata_in_Aveyron_(1).jpg,https://upload.wikimedia.org/wikipedia/commons/9/9c/Coccinella_septempunctata_in_Aveyron_%281%29.jpg?utm_source=commons.wikimedia.org&utm_campaign=imageinfo&utm_content=original,https://thumb.wikimedia.org/wikipedia/commons/thumb/9/9c/Coccinella_septempunctata_in_Aveyron_%281%29.jpg/960px-Coccinella_septempunctata_in_Aveyron_%281%29.jpg?utm_source=commons.wikimedia.org&utm_campaign=imageinfo&utm_content=thumbnail,2026-09-07,960,943,058ae9c41897cfae40b8a06efcdd065333a9bf10def01f7c541a6b14a3368eb0,Wikimedia server thumbnail; no local pixel editing
experiments/data/raw/ladybird/62858686.jpg,ladybird,File:Coccinella-septempunctata-06-fws.jpg,Francisco Welter-Schultes,CC0,http://creativecommons.org/publicdomain/zero/1.0/deed.en,https://commons.wikimedia.org/wiki/File:Coccinella-septempunctata-06-fws.jpg,https://upload.wikimedia.org/wikipedia/commons/a/ab/Coccinella-septempunctata-06-fws.jpg?utm_source=commons.wikimedia.org&utm_campaign=imageinfo&utm_content=original,https://thumb.wikimedia.org/wikipedia/commons/thumb/a/ab/Coccinella-septempunctata-06-fws.jpg/960px-Coccinella-septempunctata-06-fws.jpg?utm_source=commons.wikimedia.org&utm_campaign=imageinfo&utm_content=thumbnail,2026-09-07,960,702,6b931d0c586af97d352d730fe255d9cd0274a623bd96e108edcf058d877f10e7,Wikimedia server thumbnail; no local pixel editing
experiments/data/raw/ladybird/24612412.jpg,ladybird,File:Coccinella septempunctata (2129060429).jpg,"Gilles San Martin from Namur, Belgium",CC BY-SA 2.0,https://creativecommons.org/licenses/by-sa/2.0,https://commons.wikimedia.org/wiki/File:Coccinella_septempunctata_(2129060429).jpg,https://upload.wikimedia.org/wikipedia/commons/7/7a/Coccinella_septempunctata_%282129060429%29.jpg?utm_source=commons.wikimedia.org&utm_campaign=imageinfo&utm_content=original,https://upload.wikimedia.org/wikipedia/commons/7/7a/Coccinella_septempunctata_%282129060429%29.jpg?utm_source=commons.wikimedia.org&utm_campaign=imageinfo&utm_content=thumbnail_unscaled,2026-09-07,800,535,2ec47252e66b8b6d2a1837a854e68cf4344a857424dad1785be2b8209e09b3da,Wikimedia server thumbnail; no local pixel editing
experiments/data/raw/ladybird/289061.jpg,ladybird,File:Coccinella septempunctata - front (aka).jpg,André Karwath aka Aka,CC BY-SA 2.5,https://creativecommons.org/licenses/by-sa/2.5,https://commons.wikimedia.org/wiki/File:Coccinella_septempunctata_-_front_(aka).jpg,https://upload.wikimedia.org/wikipedia/commons/e/e3/Coccinella_septempunctata_-_front_%28aka%29.jpg?utm_source=commons.wikimedia.org&utm_campaign=imageinfo&utm_content=original,https://thumb.wikimedia.org/wikipedia/commons/thumb/e/e3/Coccinella_septempunctata_-_front_%28aka%29.jpg/960px-Coccinella_septempunctata_-_front_%28aka%29.jpg?utm_source=commons.wikimedia.org&utm_campaign=imageinfo&utm_content=thumbnail,2026-09-07,960,763,47f414c45d1a009dbf3bdd9b96973791f236b7ec9d8d7c6a3b726825f315f721,Wikimedia server thumbnail; no local pixel editing
experiments/data/raw/ladybird/16425759.jpg,ladybird,File:Coccinella septempunctata 7814.JPG,Walter Siegmund (talk),CC BY-SA 3.0,https://creativecommons.org/licenses/by-sa/3.0,https://commons.wikimedia.org/wiki/File:Coccinella_septempunctata_7814.JPG,https://upload.wikimedia.org/wikipedia/commons/f/f8/Coccinella_septempunctata_7814.JPG?utm_source=commons.wikimedia.org&utm_campaign=imageinfo&utm_content=original,https://thumb.wikimedia.org/wikipedia/commons/thumb/f/f8/Coccinella_septempunctata_7814.JPG/960px-Coccinella_septempunctata_7814.JPG?utm_source=commons.wikimedia.org&utm_campaign=imageinfo&utm_content=thumbnail,2026-09-07,960,640,ddf727a3ee0452dc03fd643c48d86d4a5ab4f66eb0045077f57cf8a707bb760a,Wikimedia server thumbnail; no local pixel editing
experiments/data/raw/ladybird/114798049.jpg,ladybird,File:Coccinella septempunctata 177585519.jpg,Michel Langeveld,CC BY-SA 4.0,https://creativecommons.org/licenses/by-sa/4.0,https://commons.wikimedia.org/wiki/File:Coccinella_septempunctata_177585519.jpg,https://upload.wikimedia.org/wikipedia/commons/2/21/Coccinella_septempunctata_177585519.jpg?utm_source=commons.wikimedia.org&utm_campaign=imageinfo&utm_content=original,https://thumb.wikimedia.org/wikipedia/commons/thumb/2/21/Coccinella_septempunctata_177585519.jpg/960px-Coccinella_septempunctata_177585519.jpg?utm_source=commons.wikimedia.org&utm_campaign=imageinfo&utm_content=thumbnail,2026-09-07,960,1280,f1893096278ce743d94bd36b9d763a9733165ac1b2c0c2eb0d104735183cd746,Wikimedia server thumbnail; no local pixel editing
